n_hours,mean_C,below_assayed,synergy_15_20,neutral_20_24,antagonism_24_28,above_assayed,site,lat,lon,year,period
2544,12.77995283018868,1840,523,143,36,2,"Rothamsted, UK",51.81,-0.36,1961,early
2544,10.750550314465409,2084,411,49,0,0,"Rothamsted, UK",51.81,-0.36,1962,early
2544,11.388561320754716,1974,486,84,0,0,"Rothamsted, UK",51.81,-0.36,1963,early
2544,12.279756289308176,1826,603,112,3,0,"Rothamsted, UK",51.81,-0.36,1964,early
2544,11.698191823899373,1934,555,53,2,0,"Rothamsted, UK",51.81,-0.36,1965,early
2544,11.979088050314465,1802,612,127,3,0,"Rothamsted, UK",51.81,-0.36,1966,early
2544,11.438364779874215,1936,506,96,6,0,"Rothamsted, UK",51.81,-0.36,1967,early
2544,11.264308176100629,1967,512,43,20,2,"Rothamsted, UK",51.81,-0.36,1968,early
2544,11.3625393081761,1951,452,129,12,0,"Rothamsted, UK",51.81,-0.36,1969,early
2544,12.149292452830188,1721,639,150,34,0,"Rothamsted, UK",51.81,-0.36,1970,early
2544,11.34689465408805,1968,449,108,19,0,"Rothamsted, UK",51.81,-0.36,1971,early
2544,10.522012578616351,2282,236,26,0,0,"Rothamsted, UK",51.81,-0.36,1972,early
2544,11.649174528301886,1824,579,141,0,0,"Rothamsted, UK",51.81,-0.36,1973,early
2544,11.216981132075471,2029,460,55,0,0,"Rothamsted, UK",51.81,-0.36,1974,early
2544,11.145322327044026,1961,401,178,4,0,"Rothamsted, UK",51.81,-0.36,1975,early
2544,13.461556603773584,1615,507,228,148,46,"Rothamsted, UK",51.81,-0.36,1976,early
2544,10.523624213836479,2132,310,92,10,0,"Rothamsted, UK",51.81,-0.36,1977,early
2544,10.542767295597484,2124,343,77,0,0,"Rothamsted, UK",51.81,-0.36,1978,early
2544,11.173899371069183,1935,513,91,5,0,"Rothamsted, UK",51.81,-0.36,1979,early
2544,11.114583333333334,2065,435,38,6,0,"Rothamsted, UK",51.81,-0.36,1980,early
2544,11.262893081761005,1995,494,53,2,0,"Rothamsted, UK",51.81,-0.36,1981,early
2544,12.385534591194968,1742,617,156,29,0,"Rothamsted, UK",51.81,-0.36,1982,early
2544,11.51757075471698,1927,415,132,65,5,"Rothamsted, UK",51.81,-0.36,1983,early
2544,11.223938679245283,1947,477,105,15,0,"Rothamsted, UK",51.81,-0.36,1984,early
2544,11.388915094339621,2023,438,74,9,0,"Rothamsted, UK",51.81,-0.36,1985,early
2544,11.245007861635221,1929,438,132,45,0,"Rothamsted, UK",51.81,-0.36,1986,early
2544,11.77185534591195,1926,510,96,12,0,"Rothamsted, UK",51.81,-0.36,1987,early
2544,11.61623427672956,1993,494,57,0,0,"Rothamsted, UK",51.81,-0.36,1988,early
2544,12.290723270440251,1714,543,238,49,0,"Rothamsted, UK",51.81,-0.36,1989,early
2544,12.122327044025157,1835,573,127,9,0,"Rothamsted, UK",51.81,-0.36,1990,early
2544,11.282743710691824,1930,461,129,24,0,"Rothamsted, UK",51.81,-0.36,1996,recent
2544,11.999685534591194,1894,513,137,0,0,"Rothamsted, UK",51.81,-0.36,1997,recent
2544,12.020754716981132,1863,586,85,10,0,"Rothamsted, UK",51.81,-0.36,1998,recent
2544,12.564544025157234,1819,579,145,1,0,"Rothamsted, UK",51.81,-0.36,1999,recent
2544,11.92999213836478,1920,532,75,17,0,"Rothamsted, UK",51.81,-0.36,2000,recent
2544,11.987382075471697,1792,573,141,38,0,"Rothamsted, UK",51.81,-0.36,2001,recent
2544,12.025,1931,562,49,2,0,"Rothamsted, UK",51.81,-0.36,2002,recent
2544,13.241470125786162,1625,692,193,31,3,"Rothamsted, UK",51.81,-0.36,2003,recent
2544,12.407625786163521,1800,645,85,14,0,"Rothamsted, UK",51.81,-0.36,2004,recent
2544,12.722444968553459,1774,537,160,69,4,"Rothamsted, UK",51.81,-0.36,2005,recent
2544,13.017138364779877,1678,603,200,63,0,"Rothamsted, UK",51.81,-0.36,2006,recent
2544,13.036556603773585,1714,756,74,0,0,"Rothamsted, UK",51.81,-0.36,2007,recent
2544,12.255463836477988,1787,675,82,0,0,"Rothamsted, UK",51.81,-0.36,2008,recent
2544,12.754992138364779,1830,565,122,27,0,"Rothamsted, UK",51.81,-0.36,2009,recent
2544,12.462657232704403,1702,565,228,49,0,"Rothamsted, UK",51.81,-0.36,2010,recent
2544,13.245479559748428,1704,701,123,16,0,"Rothamsted, UK",51.81,-0.36,2011,recent
2544,11.31497641509434,1999,459,81,5,0,"Rothamsted, UK",51.81,-0.36,2012,recent
2544,11.287971698113207,1946,456,103,38,1,"Rothamsted, UK",51.81,-0.36,2013,recent
2544,13.042806603773583,1769,649,126,0,0,"Rothamsted, UK",51.81,-0.36,2014,recent
2544,12.384001572327044,1838,547,130,19,10,"Rothamsted, UK",51.81,-0.36,2015,recent
2544,11.954048742138363,1826,640,78,0,0,"Rothamsted, UK",51.81,-0.36,2016,recent
2544,13.4999213836478,1581,680,212,56,15,"Rothamsted, UK",51.81,-0.36,2017,recent
2544,13.972916666666666,1518,644,257,123,2,"Rothamsted, UK",51.81,-0.36,2018,recent
2544,12.279756289308176,1753,625,152,9,5,"Rothamsted, UK",51.81,-0.36,2019,recent
2544,13.322051886792455,1587,707,205,38,7,"Rothamsted, UK",51.81,-0.36,2020,recent
2544,11.462146226415095,1866,514,141,23,0,"Rothamsted, UK",51.81,-0.36,2021,recent
2544,13.310259433962266,1627,681,163,61,12,"Rothamsted, UK",51.81,-0.36,2022,recent
2544,12.997916666666669,1640,630,197,71,6,"Rothamsted, UK",51.81,-0.36,2023,recent
2544,12.620636792452832,1789,647,84,24,0,"Rothamsted, UK",51.81,-0.36,2024,recent
2544,14.348270440251572,1433,689,272,121,29,"Rothamsted, UK",51.81,-0.36,2025,recent
2544,13.152751572327047,1759,562,168,49,6,"Cambridge, UK",52.2,0.13,1961,early
2544,11.08309748427673,2036,432,76,0,0,"Cambridge, UK",52.2,0.13,1962,early
2544,11.829205974842766,1903,550,91,0,0,"Cambridge, UK",52.2,0.13,1963,early
2544,12.741116352201258,1745,649,142,8,0,"Cambridge, UK",52.2,0.13,1964,early
2544,12.114740566037737,1843,604,95,2,0,"Cambridge, UK",52.2,0.13,1965,early
2544,12.393238993710693,1733,639,161,11,0,"Cambridge, UK",52.2,0.13,1966,early
2544,11.788050314465407,1861,548,125,10,0,"Cambridge, UK",52.2,0.13,1967,early
2544,11.683883647798742,1899,576,44,24,1,"Cambridge, UK",52.2,0.13,1968,early
2544,11.690919811320754,1886,509,138,11,0,"Cambridge, UK",52.2,0.13,1969,early
2544,12.567295597484277,1651,659,188,45,1,"Cambridge, UK",52.2,0.13,1970,early
2544,11.603852201257862,1938,480,103,23,0,"Cambridge, UK",52.2,0.13,1971,early
2544,11.068592767295597,2183,337,24,0,0,"Cambridge, UK",52.2,0.13,1972,early
2544,12.032940251572326,1774,581,181,8,0,"Cambridge, UK",52.2,0.13,1973,early
2544,11.545361635220125,1952,534,58,0,0,"Cambridge, UK",52.2,0.13,1974,early
2544,11.332507861635222,1938,416,184,6,0,"Cambridge, UK",52.2,0.13,1975,early
2544,13.810849056603775,1546,559,227,159,53,"Cambridge, UK",52.2,0.13,1976,early
2544,10.812303459119496,2089,357,79,19,0,"Cambridge, UK",52.2,0.13,1977,early
2544,10.751768867924529,2080,374,86,4,0,"Cambridge, UK",52.2,0.13,1978,early
2544,11.580856918238995,1858,557,121,8,0,"Cambridge, UK",52.2,0.13,1979,early
2544,11.459787735849057,1980,507,52,5,0,"Cambridge, UK",52.2,0.13,1980,early
2544,11.666784591194968,1890,576,70,8,0,"Cambridge, UK",52.2,0.13,1981,early
2544,12.726533018867926,1679,653,169,43,0,"Cambridge, UK",52.2,0.13,1982,early
2544,11.737696540880503,1900,449,126,59,10,"Cambridge, UK",52.2,0.13,1983,early
2544,11.378380503144655,1913,503,108,20,0,"Cambridge, UK",52.2,0.13,1984,early
2544,11.715762578616353,1943,506,84,11,0,"Cambridge, UK",52.2,0.13,1985,early
2544,11.733962264150943,1860,484,142,58,0,"Cambridge, UK",52.2,0.13,1986,early
2544,12.12004716981132,1877,521,131,15,0,"Cambridge, UK",52.2,0.13,1987,early
2544,11.885849056603773,1913,574,57,0,0,"Cambridge, UK",52.2,0.13,1988,early
2544,12.494378930817609,1711,532,244,57,0,"Cambridge, UK",52.2,0.13,1989,early
2544,12.464386792452832,1761,618,147,18,0,"Cambridge, UK",52.2,0.13,1990,early
2544,11.763404088050313,1840,512,147,41,4,"Cambridge, UK",52.2,0.13,1996,recent
2544,12.321580188679246,1830,536,178,0,0,"Cambridge, UK",52.2,0.13,1997,recent
2544,12.384827044025158,1797,633,106,8,0,"Cambridge, UK",52.2,0.13,1998,recent
2544,12.966823899371068,1717,655,168,4,0,"Cambridge, UK",52.2,0.13,1999,recent
2544,12.268946540880503,1872,552,102,14,4,"Cambridge, UK",52.2,0.13,2000,recent
2544,12.27743710691824,1738,609,158,39,0,"Cambridge, UK",52.2,0.13,2001,recent
2544,12.53565251572327,1785,701,53,5,0,"Cambridge, UK",52.2,0.13,2002,recent
2544,13.677201257861633,1489,783,236,33,3,"Cambridge, UK",52.2,0.13,2003,recent
2544,12.822877358490567,1719,702,104,19,0,"Cambridge, UK",52.2,0.13,2004,recent
2544,13.060888364779872,1711,571,185,67,10,"Cambridge, UK",52.2,0.13,2005,recent
2544,13.299685534591193,1626,619,226,67,6,"Cambridge, UK",52.2,0.13,2006,recent
2544,13.314150943396225,1641,810,93,0,0,"Cambridge, UK",52.2,0.13,2007,recent
2544,12.633608490566038,1717,712,107,8,0,"Cambridge, UK",52.2,0.13,2008,recent
2544,13.240330188679243,1708,643,161,32,0,"Cambridge, UK",52.2,0.13,2009,recent
2544,12.902869496855347,1640,575,246,79,4,"Cambridge, UK",52.2,0.13,2010,recent
2544,13.739190251572326,1562,810,148,19,5,"Cambridge, UK",52.2,0.13,2011,recent
2544,11.687106918238994,1892,540,103,9,0,"Cambridge, UK",52.2,0.13,2012,recent
2544,11.661360062893081,1869,537,101,36,1,"Cambridge, UK",52.2,0.13,2013,recent
2544,13.409198113207546,1683,709,147,5,0,"Cambridge, UK",52.2,0.13,2014,recent
2544,12.69559748427673,1755,578,173,29,9,"Cambridge, UK",52.2,0.13,2015,recent
2544,12.295361635220125,1724,718,102,0,0,"Cambridge, UK",52.2,0.13,2016,recent
2544,14.049606918238995,1464,734,279,56,11,"Cambridge, UK",52.2,0.13,2017,recent
2544,14.407665094339622,1458,672,281,125,8,"Cambridge, UK",52.2,0.13,2018,recent
2544,12.787224842767298,1648,703,168,25,0,"Cambridge, UK",52.2,0.13,2019,recent
2544,13.797012578616352,1499,741,250,42,12,"Cambridge, UK",52.2,0.13,2020,recent
2544,11.995125786163523,1744,567,203,30,0,"Cambridge, UK",52.2,0.13,2021,recent
2544,13.862657232704402,1517,734,212,60,21,"Cambridge, UK",52.2,0.13,2022,recent
2544,13.57201257861635,1578,635,228,92,11,"Cambridge, UK",52.2,0.13,2023,recent
2544,13.15888364779874,1664,742,115,23,0,"Cambridge, UK",52.2,0.13,2024,recent
2544,14.980660377358491,1329,717,299,166,33,"Cambridge, UK",52.2,0.13,2025,recent
2544,12.040605345911949,1983,528,33,0,0,"Oak Park, IE",52.86,-6.92,1961,early
2544,10.92126572327044,2070,456,18,0,0,"Oak Park, IE",52.86,-6.92,1962,early
2544,11.209512578616351,2113,379,52,0,0,"Oak Park, IE",52.86,-6.92,1963,early
2544,11.745361635220126,2073,441,30,0,0,"Oak Park, IE",52.86,-6.92,1964,early
2544,11.534473270440252,2066,472,6,0,0,"Oak Park, IE",52.86,-6.92,1965,early
2544,11.694457547169812,1976,531,37,0,0,"Oak Park, IE",52.86,-6.92,1966,early
2544,11.376572327044023,2000,461,81,2,0,"Oak Park, IE",52.86,-6.92,1967,early
2544,10.715251572327045,2102,399,43,0,0,"Oak Park, IE",52.86,-6.92,1968,early
2544,11.130227987421383,2078,375,80,11,0,"Oak Park, IE",52.86,-6.92,1969,early
2544,12.070794025157232,1852,554,123,15,0,"Oak Park, IE",52.86,-6.92,1970,early
2544,11.299135220125786,2105,359,80,0,0,"Oak Park, IE",52.86,-6.92,1971,early
2544,10.197720125786164,2410,118,16,0,0,"Oak Park, IE",52.86,-6.92,1972,early
2544,11.416077044025156,1954,553,37,0,0,"Oak Park, IE",52.86,-6.92,1973,early
2544,11.204599056603774,2114,400,30,0,0,"Oak Park, IE",52.86,-6.92,1974,early
2544,11.987224842767295,1820,543,171,10,0,"Oak Park, IE",52.86,-6.92,1975,early
2544,12.463404088050314,1794,557,114,69,10,"Oak Park, IE",52.86,-6.92,1976,early
2544,11.132861635220124,1990,443,96,15,0,"Oak Park, IE",52.86,-6.92,1977,early
2544,10.910102201257862,2084,389,71,0,0,"Oak Park, IE",52.86,-6.92,1978,early
2544,10.53309748427673,2076,409,59,0,0,"Oak Park, IE",52.86,-6.92,1979,early
2544,11.101611635220126,2195,339,10,0,0,"Oak Park, IE",52.86,-6.92,1980,early
2544,11.22932389937107,2187,336,21,0,0,"Oak Park, IE",52.86,-6.92,1981,early
2544,11.870165094339622,1940,536,68,0,0,"Oak Park, IE",52.86,-6.92,1982,early
2544,11.02181603773585,2010,329,125,69,11,"Oak Park, IE",52.86,-6.92,1983,early
2544,11.921029874213838,1900,532,112,0,0,"Oak Park, IE",52.86,-6.92,1984,early
2544,11.160849056603773,2147,358,39,0,0,"Oak Park, IE",52.86,-6.92,1985,early
2544,10.619693396226415,2065,403,75,1,0,"Oak Park, IE",52.86,-6.92,1986,early
2544,11.544496855345912,2006,497,41,0,0,"Oak Park, IE",52.86,-6.92,1987,early
2544,11.906682389937108,1994,455,92,3,0,"Oak Park, IE",52.86,-6.92,1988,early
2544,12.042413522012579,1805,502,200,37,0,"Oak Park, IE",52.86,-6.92,1989,early
2544,11.771187106918239,1974,499,71,0,0,"Oak Park, IE",52.86,-6.92,1990,early
2544,11.02759433962264,2098,407,39,0,0,"Oak Park, IE",52.86,-6.92,1996,recent
2544,11.853891509433963,2024,468,52,0,0,"Oak Park, IE",52.86,-6.92,1997,recent
2544,11.450117924528303,2008,488,48,0,0,"Oak Park, IE",52.86,-6.92,1998,recent
2544,12.106092767295598,2021,448,63,12,0,"Oak Park, IE",52.86,-6.92,1999,recent
2544,11.275432389937107,2068,413,63,0,0,"Oak Park, IE",52.86,-6.92,2000,recent
2544,11.648584905660377,1950,520,74,0,0,"Oak Park, IE",52.86,-6.92,2001,recent
2544,11.21442610062893,2198,342,4,0,0,"Oak Park, IE",52.86,-6.92,2002,recent
2544,12.24815251572327,1893,585,62,4,0,"Oak Park, IE",52.86,-6.92,2003,recent
2544,12.00133647798742,1931,581,32,0,0,"Oak Park, IE",52.86,-6.92,2004,recent
2544,12.115408805031448,1890,521,114,19,0,"Oak Park, IE",52.86,-6.92,2005,recent
2544,12.280621069182391,1891,497,156,0,0,"Oak Park, IE",52.86,-6.92,2006,recent
2544,12.555070754716981,1958,551,35,0,0,"Oak Park, IE",52.86,-6.92,2007,recent
2544,11.68195754716981,2008,501,35,0,0,"Oak Park, IE",52.86,-6.92,2008,recent
2544,11.94681603773585,1941,526,73,4,0,"Oak Park, IE",52.86,-6.92,2009,recent
2544,11.986477987421384,1838,641,65,0,0,"Oak Park, IE",52.86,-6.92,2010,recent
2544,12.044182389937108,2099,425,20,0,0,"Oak Park, IE",52.86,-6.92,2011,recent
2544,10.78502358490566,2140,363,41,0,0,"Oak Park, IE",52.86,-6.92,2012,recent
2544,11.51316823899371,1983,414,95,52,0,"Oak Park, IE",52.86,-6.92,2013,recent
2544,12.447916666666666,1882,610,52,0,0,"Oak Park, IE",52.86,-6.92,2014,recent
2544,11.351729559748426,2035,476,33,0,0,"Oak Park, IE",52.86,-6.92,2015,recent
2544,11.759591194968554,1903,569,72,0,0,"Oak Park, IE",52.86,-6.92,2016,recent
2544,12.198663522012577,1937,499,94,14,0,"Oak Park, IE",52.86,-6.92,2017,recent
2544,13.062146226415093,1641,594,240,67,2,"Oak Park, IE",52.86,-6.92,2018,recent
2544,11.389897798742137,2001,483,60,0,0,"Oak Park, IE",52.86,-6.92,2019,recent
2544,12.085416666666667,1968,501,71,4,0,"Oak Park, IE",52.86,-6.92,2020,recent
2544,10.970400943396228,1991,501,52,0,0,"Oak Park, IE",52.86,-6.92,2021,recent
2544,12.152633647798742,1922,531,88,3,0,"Oak Park, IE",52.86,-6.92,2022,recent
2544,12.98989779874214,1639,764,129,12,0,"Oak Park, IE",52.86,-6.92,2023,recent
2544,11.833018867924528,2055,448,41,0,0,"Oak Park, IE",52.86,-6.92,2024,recent
2544,12.925589622641509,1687,723,102,28,4,"Oak Park, IE",52.86,-6.92,2025,recent
2544,14.248349056603775,1539,727,202,63,13,"Rennes, FR",48.11,-1.68,1961,early
2544,12.897130503144655,1716,558,231,39,0,"Rennes, FR",48.11,-1.68,1962,early
2544,12.813050314465409,1726,669,127,22,0,"Rennes, FR",48.11,-1.68,1963,early
2544,13.935023584905663,1489,772,242,40,1,"Rennes, FR",48.11,-1.68,1964,early
2544,13.269654088050315,1647,704,179,14,0,"Rennes, FR",48.11,-1.68,1965,early
2544,14.026218553459119,1579,697,235,33,0,"Rennes, FR",48.11,-1.68,1966,early
2544,12.973781446540881,1697,608,194,39,6,"Rennes, FR",48.11,-1.68,1967,early
2544,12.9624606918239,1672,658,168,28,18,"Rennes, FR",48.11,-1.68,1968,early
2544,13.275982704402518,1700,574,175,87,8,"Rennes, FR",48.11,-1.68,1969,early
2544,13.546265723270439,1470,757,280,35,2,"Rennes, FR",48.11,-1.68,1970,early
2544,14.162224842767294,1526,697,224,69,28,"Rennes, FR",48.11,-1.68,1971,early
2544,12.02173742138365,2036,420,75,13,0,"Rennes, FR",48.11,-1.68,1972,early
2544,13.196580188679247,1597,647,247,50,3,"Rennes, FR",48.11,-1.68,1973,early
2544,13.119889937106919,1676,682,158,28,0,"Rennes, FR",48.11,-1.68,1974,early
2544,13.177083333333334,1628,594,275,47,0,"Rennes, FR",48.11,-1.68,1975,early
2544,15.58372641509434,1271,606,351,185,131,"Rennes, FR",48.11,-1.68,1976,early
2544,12.728891509433963,1736,607,141,60,0,"Rennes, FR",48.11,-1.68,1977,early
2544,12.453537735849057,1797,594,124,29,0,"Rennes, FR",48.11,-1.68,1978,early
2544,12.691509433962265,1691,634,187,32,0,"Rennes, FR",48.11,-1.68,1979,early
2544,12.57126572327044,1806,670,48,20,0,"Rennes, FR",48.11,-1.68,1980,early
2544,13.0438286163522,1708,687,131,18,0,"Rennes, FR",48.11,-1.68,1981,early
2544,14.27444968553459,1357,804,289,80,14,"Rennes, FR",48.11,-1.68,1982,early
2544,13.52802672955975,1647,513,219,105,60,"Rennes, FR",48.11,-1.68,1983,early
2544,13.122327044025155,1632,599,255,58,0,"Rennes, FR",48.11,-1.68,1984,early
2544,13.50117924528302,1639,640,203,56,6,"Rennes, FR",48.11,-1.68,1985,early
2544,12.63305817610063,1709,565,193,56,21,"Rennes, FR",48.11,-1.68,1986,early
2544,13.720165094339622,1568,697,203,60,16,"Rennes, FR",48.11,-1.68,1987,early
2544,14.09009433962264,1527,801,200,16,0,"Rennes, FR",48.11,-1.68,1988,early
2544,14.809787735849056,1320,690,349,174,11,"Rennes, FR",48.11,-1.68,1989,early
2544,14.126336477987419,1482,776,205,71,10,"Rennes, FR",48.11,-1.68,1990,early
2544,13.193828616352201,1676,613,168,75,12,"Rennes, FR",48.11,-1.68,1996,recent
2544,13.996580188679246,1476,805,221,42,0,"Rennes, FR",48.11,-1.68,1997,recent
2544,13.692963836477984,1512,796,184,46,6,"Rennes, FR",48.11,-1.68,1998,recent
2544,14.546069182389935,1377,838,241,81,7,"Rennes, FR",48.11,-1.68,1999,recent
2544,13.89445754716981,1563,709,225,37,10,"Rennes, FR",48.11,-1.68,2000,recent
2544,13.911124213836477,1550,657,252,65,20,"Rennes, FR",48.11,-1.68,2001,recent
2544,13.460180817610063,1658,726,121,36,3,"Rennes, FR",48.11,-1.68,2002,recent
2544,15.450432389937111,1226,781,360,137,40,"Rennes, FR",48.11,-1.68,2003,recent
2544,14.005267295597484,1477,762,248,53,4,"Rennes, FR",48.11,-1.68,2004,recent
2544,14.82260220125786,1427,668,268,123,58,"Rennes, FR",48.11,-1.68,2005,recent
2544,15.120479559748428,1302,735,353,120,34,"Rennes, FR",48.11,-1.68,2006,recent
2544,14.95066823899371,1322,960,238,24,0,"Rennes, FR",48.11,-1.68,2007,recent
2544,14.076061320754716,1410,863,247,24,0,"Rennes, FR",48.11,-1.68,2008,recent
2544,14.357861635220127,1431,777,275,54,7,"Rennes, FR",48.11,-1.68,2009,recent
2544,14.44056603773585,1404,728,246,152,14,"Rennes, FR",48.11,-1.68,2010,recent
2544,15.127161949685535,1243,943,298,45,15,"Rennes, FR",48.11,-1.68,2011,recent
2544,13.261438679245282,1625,736,150,33,0,"Rennes, FR",48.11,-1.68,2012,recent
2544,13.151493710691824,1658,645,145,82,14,"Rennes, FR",48.11,-1.68,2013,recent
2544,14.352319182389937,1481,759,237,65,2,"Rennes, FR",48.11,-1.68,2014,recent
2544,14.805856918238993,1413,741,264,102,24,"Rennes, FR",48.11,-1.68,2015,recent
2544,13.692492138364779,1478,851,187,28,0,"Rennes, FR",48.11,-1.68,2016,recent
2544,15.313364779874213,1238,797,288,158,63,"Rennes, FR",48.11,-1.68,2017,recent
2544,15.817413522012579,1153,786,406,168,31,"Rennes, FR",48.11,-1.68,2018,recent
2544,14.498624213836479,1447,695,212,137,53,"Rennes, FR",48.11,-1.68,2019,recent
2544,15.422877358490567,1250,897,277,106,14,"Rennes, FR",48.11,-1.68,2020,recent
2544,13.494929245283016,1548,714,222,56,4,"Rennes, FR",48.11,-1.68,2021,recent
2544,15.537146226415095,1179,855,329,116,65,"Rennes, FR",48.11,-1.68,2022,recent
2544,15.48871855345912,1225,768,371,155,25,"Rennes, FR",48.11,-1.68,2023,recent
2544,13.86804245283019,1523,832,156,27,6,"Rennes, FR",48.11,-1.68,2024,recent
2544,16.91992924528302,1055,773,408,176,132,"Rennes, FR",48.11,-1.68,2025,recent
2544,14.938757861635219,1402,746,255,107,34,"Orleans (Beauce), FR",47.9,1.9,1961,early
2544,13.020440251572326,1675,578,222,69,0,"Orleans (Beauce), FR",47.9,1.9,1962,early
2544,13.395479559748427,1601,700,227,16,0,"Orleans (Beauce), FR",47.9,1.9,1963,early
2544,14.588011006289307,1355,807,284,80,18,"Orleans (Beauce), FR",47.9,1.9,1964,early
2544,13.55939465408805,1593,669,200,82,0,"Orleans (Beauce), FR",47.9,1.9,1965,early
2544,14.525825471698113,1414,791,259,80,0,"Orleans (Beauce), FR",47.9,1.9,1966,early
2544,13.391705974842766,1564,669,213,83,15,"Orleans (Beauce), FR",47.9,1.9,1967,early
2544,13.341077044025155,1573,692,221,32,26,"Orleans (Beauce), FR",47.9,1.9,1968,early
2544,13.559630503144653,1603,632,224,80,5,"Orleans (Beauce), FR",47.9,1.9,1969,early
2544,13.768985849056605,1386,788,281,86,3,"Orleans (Beauce), FR",47.9,1.9,1970,early
2544,14.634591194968554,1415,774,258,71,26,"Orleans (Beauce), FR",47.9,1.9,1971,early
2544,12.448663522012577,1858,568,102,16,0,"Orleans (Beauce), FR",47.9,1.9,1972,early
2544,13.78824685534591,1409,753,273,99,10,"Orleans (Beauce), FR",47.9,1.9,1973,early
2544,13.51002358490566,1558,737,213,36,0,"Orleans (Beauce), FR",47.9,1.9,1974,early
2544,12.813207547169812,1632,638,235,37,2,"Orleans (Beauce), FR",47.9,1.9,1975,early
2544,16.058018867924527,1220,554,340,269,161,"Orleans (Beauce), FR",47.9,1.9,1976,early
2544,12.865212264150943,1660,661,175,48,0,"Orleans (Beauce), FR",47.9,1.9,1977,early
2544,12.284669811320754,1794,592,155,3,0,"Orleans (Beauce), FR",47.9,1.9,1978,early
2544,12.953970125786164,1553,698,274,19,0,"Orleans (Beauce), FR",47.9,1.9,1979,early
2544,12.4561713836478,1790,679,54,21,0,"Orleans (Beauce), FR",47.9,1.9,1980,early
2544,13.345676100628932,1611,694,202,35,2,"Orleans (Beauce), FR",47.9,1.9,1981,early
2544,14.764033018867925,1301,715,332,154,42,"Orleans (Beauce), FR",47.9,1.9,1982,early
2544,13.991509433962264,1507,601,267,130,39,"Orleans (Beauce), FR",47.9,1.9,1983,early
2544,12.944536163522013,1607,632,239,56,10,"Orleans (Beauce), FR",47.9,1.9,1984,early
2544,13.57995283018868,1583,667,224,65,5,"Orleans (Beauce), FR",47.9,1.9,1985,early
2544,13.489779874213836,1541,568,277,114,44,"Orleans (Beauce), FR",47.9,1.9,1986,early
2544,13.772641509433962,1560,655,236,78,15,"Orleans (Beauce), FR",47.9,1.9,1987,early
2544,14.223427672955973,1464,855,209,16,0,"Orleans (Beauce), FR",47.9,1.9,1988,early
2544,14.83356918238994,1298,683,360,179,24,"Orleans (Beauce), FR",47.9,1.9,1989,early
2544,14.483490566037736,1358,844,260,67,15,"Orleans (Beauce), FR",47.9,1.9,1990,early
2544,14.08305817610063,1457,721,252,91,23,"Orleans (Beauce), FR",47.9,1.9,1996,recent
2544,13.91678459119497,1487,744,256,52,5,"Orleans (Beauce), FR",47.9,1.9,1997,recent
2544,14.362106918238993,1372,786,281,96,9,"Orleans (Beauce), FR",47.9,1.9,1998,recent
2544,14.890566037735848,1314,837,303,83,7,"Orleans (Beauce), FR",47.9,1.9,1999,recent
2544,14.50322327044025,1438,733,295,64,14,"Orleans (Beauce), FR",47.9,1.9,2000,recent
2544,14.237185534591196,1443,694,290,88,29,"Orleans (Beauce), FR",47.9,1.9,2001,recent
2544,14.25440251572327,1462,756,242,68,16,"Orleans (Beauce), FR",47.9,1.9,2002,recent
2544,16.347602201257864,1049,765,433,235,62,"Orleans (Beauce), FR",47.9,1.9,2003,recent
2544,14.290212264150945,1419,766,255,88,16,"Orleans (Beauce), FR",47.9,1.9,2004,recent
2544,15.541666666666666,1288,684,312,163,97,"Orleans (Beauce), FR",47.9,1.9,2005,recent
2544,15.786399371069182,1194,707,365,177,101,"Orleans (Beauce), FR",47.9,1.9,2006,recent
2544,15.825196540880505,1071,1051,337,72,13,"Orleans (Beauce), FR",47.9,1.9,2007,recent
2544,14.621108490566037,1308,829,341,60,6,"Orleans (Beauce), FR",47.9,1.9,2008,recent
2544,15.318474842767294,1254,869,293,102,26,"Orleans (Beauce), FR",47.9,1.9,2009,recent
2544,15.071383647798745,1319,656,323,181,65,"Orleans (Beauce), FR",47.9,1.9,2010,recent
2544,16.566705974842765,986,911,490,122,35,"Orleans (Beauce), FR",47.9,1.9,2011,recent
2544,14.008490566037736,1447,804,237,50,6,"Orleans (Beauce), FR",47.9,1.9,2012,recent
2544,13.501886792452831,1591,627,210,114,2,"Orleans (Beauce), FR",47.9,1.9,2013,recent
2544,14.743828616352202,1388,833,254,65,4,"Orleans (Beauce), FR",47.9,1.9,2014,recent
2544,15.907468553459118,1193,771,334,157,89,"Orleans (Beauce), FR",47.9,1.9,2015,recent
2544,14.01002358490566,1441,810,228,55,10,"Orleans (Beauce), FR",47.9,1.9,2016,recent
2544,16.169811320754718,1125,714,385,208,112,"Orleans (Beauce), FR",47.9,1.9,2017,recent
2544,16.685927672955973,973,856,436,237,42,"Orleans (Beauce), FR",47.9,1.9,2018,recent
2544,15.536438679245283,1301,644,308,167,124,"Orleans (Beauce), FR",47.9,1.9,2019,recent
2544,16.13246855345912,1079,874,458,105,28,"Orleans (Beauce), FR",47.9,1.9,2020,recent
2544,14.400314465408806,1358,738,324,101,23,"Orleans (Beauce), FR",47.9,1.9,2021,recent
2544,16.37110849056604,1036,843,387,189,89,"Orleans (Beauce), FR",47.9,1.9,2022,recent
2544,16.085888364779873,1137,704,414,227,62,"Orleans (Beauce), FR",47.9,1.9,2023,recent
2544,14.477161949685534,1367,860,246,63,8,"Orleans (Beauce), FR",47.9,1.9,2024,recent
2544,17.237853773584906,1028,722,388,232,174,"Orleans (Beauce), FR",47.9,1.9,2025,recent
2544,13.764622641509433,1645,685,145,48,21,"Ghent, BE",51.05,3.72,1961,early
2544,11.697405660377358,1943,470,108,23,0,"Ghent, BE",51.05,3.72,1962,early
2544,12.736006289308175,1746,623,151,24,0,"Ghent, BE",51.05,3.72,1963,early
2544,13.768003144654086,1502,762,221,58,1,"Ghent, BE",51.05,3.72,1964,early
2544,12.495833333333334,1805,609,121,9,0,"Ghent, BE",51.05,3.72,1965,early
2544,13.594654088050312,1587,679,217,61,0,"Ghent, BE",51.05,3.72,1966,early
2544,12.75444182389937,1680,620,199,40,5,"Ghent, BE",51.05,3.72,1967,early
2544,12.790998427672957,1662,704,143,21,14,"Ghent, BE",51.05,3.72,1968,early
2544,12.696658805031447,1726,618,163,34,3,"Ghent, BE",51.05,3.72,1969,early
2544,13.153301886792454,1511,729,202,98,4,"Ghent, BE",51.05,3.72,1970,early
2544,13.509512578616354,1570,692,205,73,4,"Ghent, BE",51.05,3.72,1971,early
2544,11.94433962264151,1952,528,64,0,0,"Ghent, BE",51.05,3.72,1972,early
2544,12.825235849056602,1601,667,224,47,5,"Ghent, BE",51.05,3.72,1973,early
2544,12.914897798742139,1700,719,123,2,0,"Ghent, BE",51.05,3.72,1974,early
2544,12.296383647798741,1715,602,198,29,0,"Ghent, BE",51.05,3.72,1975,early
2544,14.927319182389937,1391,542,287,172,152,"Ghent, BE",51.05,3.72,1976,early
2544,12.075628930817611,1838,526,146,31,3,"Ghent, BE",51.05,3.72,1977,early
2544,11.880974842767296,1948,475,93,28,0,"Ghent, BE",51.05,3.72,1978,early
2544,12.435180817610064,1683,679,151,31,0,"Ghent, BE",51.05,3.72,1979,early
2544,12.197877358490567,1843,594,93,14,0,"Ghent, BE",51.05,3.72,1980,early
2544,12.93486635220126,1660,704,152,28,0,"Ghent, BE",51.05,3.72,1981,early
2544,13.677712264150946,1505,654,248,115,22,"Ghent, BE",51.05,3.72,1982,early
2544,13.147995283018869,1682,549,201,93,19,"Ghent, BE",51.05,3.72,1983,early
2544,11.712932389937107,1908,520,83,29,4,"Ghent, BE",51.05,3.72,1984,early
2544,12.830621069182389,1717,639,139,48,1,"Ghent, BE",51.05,3.72,1985,early
2544,12.831839622641509,1640,593,198,106,7,"Ghent, BE",51.05,3.72,1986,early
2544,12.803380503144654,1757,571,169,47,0,"Ghent, BE",51.05,3.72,1987,early
2544,13.261045597484278,1619,770,144,11,0,"Ghent, BE",51.05,3.72,1988,early
2544,13.589465408805031,1537,590,274,127,16,"Ghent, BE",51.05,3.72,1989,early
2544,13.242688679245283,1632,687,179,46,0,"Ghent, BE",51.05,3.72,1990,early
2544,12.491430817610063,1763,576,144,49,12,"Ghent, BE",51.05,3.72,1996,recent
2544,12.892216981132076,1647,678,177,42,0,"Ghent, BE",51.05,3.72,1997,recent
2544,13.713011006289307,1533,805,139,59,8,"Ghent, BE",51.05,3.72,1998,recent
2544,14.016194968553458,1477,793,225,49,0,"Ghent, BE",51.05,3.72,1999,recent
2544,13.788482704402517,1596,689,189,55,15,"Ghent, BE",51.05,3.72,2000,recent
2544,13.31922169811321,1633,603,238,53,17,"Ghent, BE",51.05,3.72,2001,recent
2544,13.596698113207546,1543,801,170,22,8,"Ghent, BE",51.05,3.72,2002,recent
2544,14.826533018867924,1232,827,377,101,7,"Ghent, BE",51.05,3.72,2003,recent
2544,13.26678459119497,1639,762,121,15,7,"Ghent, BE",51.05,3.72,2004,recent
2544,14.116116352201255,1491,678,236,103,36,"Ghent, BE",51.05,3.72,2005,recent
2544,14.18439465408805,1471,672,254,127,20,"Ghent, BE",51.05,3.72,2006,recent
2544,15.185495283018865,1205,986,287,63,3,"Ghent, BE",51.05,3.72,2007,recent
2544,13.988443396226414,1437,812,248,47,0,"Ghent, BE",51.05,3.72,2008,recent
2544,14.38679245283019,1430,827,213,68,6,"Ghent, BE",51.05,3.72,2009,recent
2544,13.591470125786163,1550,574,260,123,37,"Ghent, BE",51.05,3.72,2010,recent
2544,15.03191823899371,1324,872,264,69,15,"Ghent, BE",51.05,3.72,2011,recent
2544,13.056682389937105,1611,710,189,32,2,"Ghent, BE",51.05,3.72,2012,recent
2544,12.481525157232705,1730,602,158,54,0,"Ghent, BE",51.05,3.72,2013,recent
2544,14.39249213836478,1415,890,204,35,0,"Ghent, BE",51.05,3.72,2014,recent
2544,13.826061320754716,1515,720,187,87,35,"Ghent, BE",51.05,3.72,2015,recent
2544,13.750117924528302,1440,850,207,47,0,"Ghent, BE",51.05,3.72,2016,recent
2544,14.981603773584904,1247,791,305,147,54,"Ghent, BE",51.05,3.72,2017,recent
2544,15.792020440251573,1186,766,392,180,20,"Ghent, BE",51.05,3.72,2018,recent
2544,13.932743710691824,1492,695,263,63,31,"Ghent, BE",51.05,3.72,2019,recent
2544,14.63879716981132,1312,816,344,54,18,"Ghent, BE",51.05,3.72,2020,recent
2544,12.731289308176102,1589,666,213,68,8,"Ghent, BE",51.05,3.72,2021,recent
2544,14.6312106918239,1302,825,307,93,17,"Ghent, BE",51.05,3.72,2022,recent
2544,14.77063679245283,1367,636,323,153,65,"Ghent, BE",51.05,3.72,2023,recent
2544,14.060102201257859,1484,851,159,45,5,"Ghent, BE",51.05,3.72,2024,recent
2544,16.36564465408805,1107,799,356,207,75,"Ghent, BE",51.05,3.72,2025,recent
2544,13.125825471698116,1753,624,108,43,16,"Wageningen, NL",51.97,5.67,1961,early
2544,11.233883647798741,2027,418,78,21,0,"Wageningen, NL",51.97,5.67,1962,early
2544,12.770911949685535,1707,660,160,17,0,"Wageningen, NL",51.97,5.67,1963,early
2544,13.57692610062893,1542,708,228,57,9,"Wageningen, NL",51.97,5.67,1964,early
2544,12.160416666666666,1835,607,96,6,0,"Wageningen, NL",51.97,5.67,1965,early
2544,13.456761006289309,1599,668,217,49,11,"Wageningen, NL",51.97,5.67,1966,early
2544,12.53812893081761,1674,650,178,39,3,"Wageningen, NL",51.97,5.67,1967,early
2544,12.858569182389937,1619,736,148,29,12,"Wageningen, NL",51.97,5.67,1968,early
2544,12.577987421383646,1709,613,190,29,3,"Wageningen, NL",51.97,5.67,1969,early
2544,12.937185534591194,1568,645,216,109,6,"Wageningen, NL",51.97,5.67,1970,early
2544,13.428537735849055,1576,676,218,69,5,"Wageningen, NL",51.97,5.67,1971,early
2544,11.795676100628933,1942,529,62,11,0,"Wageningen, NL",51.97,5.67,1972,early
2544,12.598702830188678,1622,601,236,72,13,"Wageningen, NL",51.97,5.67,1973,early
2544,12.676375786163522,1752,674,116,2,0,"Wageningen, NL",51.97,5.67,1974,early
2544,12.27004716981132,1726,547,235,29,7,"Wageningen, NL",51.97,5.67,1975,early
2544,14.314150943396225,1465,515,285,172,107,"Wageningen, NL",51.97,5.67,1976,early
2544,11.974646226415095,1806,541,169,25,3,"Wageningen, NL",51.97,5.67,1977,early
2544,11.972916666666666,1943,438,123,40,0,"Wageningen, NL",51.97,5.67,1978,early
2544,12.19815251572327,1713,633,152,45,1,"Wageningen, NL",51.97,5.67,1979,early
2544,12.050157232704402,1822,600,97,22,3,"Wageningen, NL",51.97,5.67,1980,early
2544,13.064072327044025,1628,702,160,50,4,"Wageningen, NL",51.97,5.67,1981,early
2544,13.231525157232705,1553,632,215,124,20,"Wageningen, NL",51.97,5.67,1982,early
2544,13.055738993710692,1720,503,203,97,21,"Wageningen, NL",51.97,5.67,1983,early
2544,11.455424528301887,1967,475,64,33,5,"Wageningen, NL",51.97,5.67,1984,early
2544,12.679166666666667,1728,638,120,56,2,"Wageningen, NL",51.97,5.67,1985,early
2544,12.723152515723271,1652,577,195,101,19,"Wageningen, NL",51.97,5.67,1986,early
2544,12.341627358490566,1837,517,146,44,0,"Wageningen, NL",51.97,5.67,1987,early
2544,13.317845911949686,1576,758,184,26,0,"Wageningen, NL",51.97,5.67,1988,early
2544,13.369261006289307,1556,584,279,111,14,"Wageningen, NL",51.97,5.67,1989,early
2544,13.043278301886795,1644,690,172,38,0,"Wageningen, NL",51.97,5.67,1990,early
2544,12.23180031446541,1802,559,120,49,14,"Wageningen, NL",51.97,5.67,1996,recent
2544,12.68372641509434,1680,644,174,46,0,"Wageningen, NL",51.97,5.67,1997,recent
2544,13.406957547169812,1609,774,108,45,8,"Wageningen, NL",51.97,5.67,1998,recent
2544,13.738836477987421,1512,780,208,44,0,"Wageningen, NL",51.97,5.67,1999,recent
2544,13.8124606918239,1606,645,211,65,17,"Wageningen, NL",51.97,5.67,2000,recent
2544,13.091430817610066,1633,645,221,31,14,"Wageningen, NL",51.97,5.67,2001,recent
2544,13.574842767295598,1529,794,190,19,12,"Wageningen, NL",51.97,5.67,2002,recent
2544,14.378026729559748,1330,796,325,88,5,"Wageningen, NL",51.97,5.67,2003,recent
2544,12.996933962264153,1673,746,105,18,2,"Wageningen, NL",51.97,5.67,2004,recent
2544,13.875117924528302,1524,662,227,107,24,"Wageningen, NL",51.97,5.67,2005,recent
2544,14.309551886792454,1460,590,327,140,27,"Wageningen, NL",51.97,5.67,2006,recent
2544,15.09681603773585,1243,947,278,68,8,"Wageningen, NL",51.97,5.67,2007,recent
2544,14.015644654088051,1379,825,276,58,6,"Wageningen, NL",51.97,5.67,2008,recent
2544,14.427083333333334,1430,826,222,66,0,"Wageningen, NL",51.97,5.67,2009,recent
2544,13.44174528301887,1592,502,264,131,55,"Wageningen, NL",51.97,5.67,2010,recent
2544,14.78014937106918,1384,828,255,64,13,"Wageningen, NL",51.97,5.67,2011,recent
2544,13.140762578616352,1596,706,187,55,0,"Wageningen, NL",51.97,5.67,2012,recent
2544,12.60872641509434,1680,648,174,34,8,"Wageningen, NL",51.97,5.67,2013,recent
2544,14.380463836477988,1409,867,216,47,5,"Wageningen, NL",51.97,5.67,2014,recent
2544,13.263993710691826,1623,640,179,64,38,"Wageningen, NL",51.97,5.67,2015,recent
2544,13.772484276729559,1405,849,246,44,0,"Wageningen, NL",51.97,5.67,2016,recent
2544,14.394418238993708,1299,829,281,113,22,"Wageningen, NL",51.97,5.67,2017,recent
2544,15.981564465408807,1108,832,412,185,7,"Wageningen, NL",51.97,5.67,2018,recent
2544,14.012696540880505,1446,742,255,70,31,"Wageningen, NL",51.97,5.67,2019,recent
2544,14.288011006289308,1342,857,270,61,14,"Wageningen, NL",51.97,5.67,2020,recent
2544,12.826768867924528,1559,643,268,58,16,"Wageningen, NL",51.97,5.67,2021,recent
2544,14.058490566037737,1410,805,269,55,5,"Wageningen, NL",51.97,5.67,2022,recent
2544,14.6311713836478,1362,653,334,153,42,"Wageningen, NL",51.97,5.67,2023,recent
2544,14.239504716981132,1432,868,178,58,8,"Wageningen, NL",51.97,5.67,2024,recent
2544,15.060613207547169,1290,791,327,108,28,"Wageningen, NL",51.97,5.67,2025,recent
2544,13.790723270440253,1540,708,217,66,13,"Halle, DE",51.5,11.97,1961,early
2544,11.892334905660377,1918,444,130,48,4,"Halle, DE",51.5,11.97,1962,early
2544,13.521658805031446,1544,694,276,29,1,"Halle, DE",51.5,11.97,1963,early
2544,14.106761006289307,1399,716,301,114,14,"Halle, DE",51.5,11.97,1964,early
2544,12.41057389937107,1740,628,127,44,5,"Halle, DE",51.5,11.97,1965,early
2544,14.306603773584905,1410,714,286,116,18,"Halle, DE",51.5,11.97,1966,early
2544,13.247405660377357,1543,618,284,85,14,"Halle, DE",51.5,11.97,1967,early
2544,13.574882075471699,1492,665,263,121,3,"Halle, DE",51.5,11.97,1968,early
2544,12.758883647798742,1611,644,241,46,2,"Halle, DE",51.5,11.97,1969,early
2544,12.832900943396227,1579,588,260,109,8,"Halle, DE",51.5,11.97,1970,early
2544,13.61371855345912,1528,706,212,89,9,"Halle, DE",51.5,11.97,1971,early
2544,12.753301886792453,1698,666,131,39,10,"Halle, DE",51.5,11.97,1972,early
2544,12.91635220125786,1514,650,264,99,17,"Halle, DE",51.5,11.97,1973,early
2544,12.123349056603775,1815,619,107,3,0,"Halle, DE",51.5,11.97,1974,early
2544,12.783451257861635,1618,606,240,79,1,"Halle, DE",51.5,11.97,1975,early
2544,13.974646226415095,1438,567,311,163,65,"Halle, DE",51.5,11.97,1976,early
2544,12.481721698113208,1620,663,201,54,6,"Halle, DE",51.5,11.97,1977,early
2544,12.188836477987422,1738,587,170,49,0,"Halle, DE",51.5,11.97,1978,early
2544,13.110338050314464,1490,681,263,93,17,"Halle, DE",51.5,11.97,1979,early
2544,11.424646226415096,1825,581,120,13,5,"Halle, DE",51.5,11.97,1980,early
2544,13.663443396226416,1419,714,320,85,6,"Halle, DE",51.5,11.97,1981,early
2544,13.478498427672957,1468,663,250,113,50,"Halle, DE",51.5,11.97,1982,early
2544,13.98989779874214,1496,636,274,100,38,"Halle, DE",51.5,11.97,1983,early
2544,11.990094339622642,1832,523,123,46,20,"Halle, DE",51.5,11.97,1984,early
2544,13.03812893081761,1621,657,203,56,7,"Halle, DE",51.5,11.97,1985,early
2544,13.494418238993712,1495,639,277,115,18,"Halle, DE",51.5,11.97,1986,early
2544,12.542924528301889,1732,602,157,45,8,"Halle, DE",51.5,11.97,1987,early
2544,14.084827044025158,1345,809,316,65,9,"Halle, DE",51.5,11.97,1988,early
2544,14.20746855345912,1353,718,338,117,18,"Halle, DE",51.5,11.97,1989,early
2544,13.724685534591194,1453,814,236,36,5,"Halle, DE",51.5,11.97,1990,early
2544,12.545322327044026,1703,581,169,73,18,"Halle, DE",51.5,11.97,1996,recent
2544,13.005856918238992,1539,660,260,78,7,"Halle, DE",51.5,11.97,1997,recent
2544,14.182979559748428,1455,767,233,72,17,"Halle, DE",51.5,11.97,1998,recent
2544,14.249095911949688,1382,814,246,85,17,"Halle, DE",51.5,11.97,1999,recent
2544,15.02055817610063,1250,829,304,125,36,"Halle, DE",51.5,11.97,2000,recent
2544,13.304205974842768,1528,725,237,47,7,"Halle, DE",51.5,11.97,2001,recent
2544,14.21128144654088,1368,784,291,73,28,"Halle, DE",51.5,11.97,2002,recent
2544,15.165408805031447,1106,859,373,155,51,"Halle, DE",51.5,11.97,2003,recent
2544,13.203852201257863,1619,740,167,18,0,"Halle, DE",51.5,11.97,2004,recent
2544,14.369261006289307,1414,675,253,161,41,"Halle, DE",51.5,11.97,2005,recent
2544,14.58372641509434,1395,576,351,173,49,"Halle, DE",51.5,11.97,2006,recent
2544,15.691666666666666,1127,883,351,146,37,"Halle, DE",51.5,11.97,2007,recent
2544,14.572838050314465,1267,785,358,111,23,"Halle, DE",51.5,11.97,2008,recent
2544,14.766234276729561,1336,869,274,65,0,"Halle, DE",51.5,11.97,2009,recent
2544,14.098781446540881,1544,495,255,160,90,"Halle, DE",51.5,11.97,2010,recent
2544,15.623506289308175,1157,835,387,143,22,"Halle, DE",51.5,11.97,2011,recent
2544,14.468199685534593,1309,740,367,109,19,"Halle, DE",51.5,11.97,2012,recent
2544,13.473624213836477,1505,660,311,48,20,"Halle, DE",51.5,11.97,2013,recent
2544,14.744536163522012,1341,835,250,85,33,"Halle, DE",51.5,11.97,2014,recent
2544,14.205227987421383,1405,738,254,89,58,"Halle, DE",51.5,11.97,2015,recent
2544,14.715880503144653,1245,811,369,90,29,"Halle, DE",51.5,11.97,2016,recent
2544,14.727790880503145,1243,767,360,137,37,"Halle, DE",51.5,11.97,2017,recent
2544,17.140408805031445,892,864,482,239,67,"Halle, DE",51.5,11.97,2018,recent
2544,15.459433962264152,1180,698,370,180,116,"Halle, DE",51.5,11.97,2019,recent
2544,14.967020440251575,1213,826,369,128,8,"Halle, DE",51.5,11.97,2020,recent
2544,13.881603773584905,1359,658,334,147,46,"Halle, DE",51.5,11.97,2021,recent
2544,15.27547169811321,1168,778,341,191,66,"Halle, DE",51.5,11.97,2022,recent
2544,14.963600628930815,1278,628,369,207,62,"Halle, DE",51.5,11.97,2023,recent
2544,15.692924528301887,1084,884,406,132,38,"Halle, DE",51.5,11.97,2024,recent
2544,15.912342767295597,1114,811,375,168,76,"Halle, DE",51.5,11.97,2025,recent
2544,11.736084905660377,1878,512,131,23,0,"Roskilde, DK",55.65,12.09,1961,early
2544,10.057665094339622,2157,370,17,0,0,"Roskilde, DK",55.65,12.09,1962,early
2544,11.251415094339624,1846,568,130,0,0,"Roskilde, DK",55.65,12.09,1963,early
2544,11.49567610062893,1912,542,83,7,0,"Roskilde, DK",55.65,12.09,1964,early
2544,10.184276729559748,2077,442,25,0,0,"Roskilde, DK",55.65,12.09,1965,early
2544,10.959433962264152,1801,627,113,3,0,"Roskilde, DK",55.65,12.09,1966,early
2544,10.851022012578616,1916,564,64,0,0,"Roskilde, DK",55.65,12.09,1967,early
2544,11.357232704402517,1828,558,129,29,0,"Roskilde, DK",55.65,12.09,1968,early
2544,10.941470125786163,1907,493,135,9,0,"Roskilde, DK",55.65,12.09,1969,early
2544,10.997916666666665,1788,528,196,32,0,"Roskilde, DK",55.65,12.09,1970,early
2544,11.307272012578615,1890,482,156,16,0,"Roskilde, DK",55.65,12.09,1971,early
2544,11.182272012578617,1966,496,82,0,0,"Roskilde, DK",55.65,12.09,1972,early
2544,11.66745283018868,1752,537,199,56,0,"Roskilde, DK",55.65,12.09,1973,early
2544,11.228498427672957,2007,491,46,0,0,"Roskilde, DK",55.65,12.09,1974,early
2544,11.304166666666667,1809,520,188,27,0,"Roskilde, DK",55.65,12.09,1975,early
2544,11.540212264150945,1808,491,203,42,0,"Roskilde, DK",55.65,12.09,1976,early
2544,11.25817610062893,1793,568,168,15,0,"Roskilde, DK",55.65,12.09,1977,early
2544,10.856367924528302,1878,516,112,38,0,"Roskilde, DK",55.65,12.09,1978,early
2544,11.136595911949685,1813,583,135,13,0,"Roskilde, DK",55.65,12.09,1979,early
2544,10.821069182389937,1960,481,102,1,0,"Roskilde, DK",55.65,12.09,1980,early
2544,11.575,1786,650,103,5,0,"Roskilde, DK",55.65,12.09,1981,early
2544,11.4875393081761,1884,479,119,62,0,"Roskilde, DK",55.65,12.09,1982,early
2544,11.790683962264149,1897,463,132,52,0,"Roskilde, DK",55.65,12.09,1983,early
2544,11.438364779874215,1913,554,66,11,0,"Roskilde, DK",55.65,12.09,1984,early
2544,11.019143081761007,1897,509,130,8,0,"Roskilde, DK",55.65,12.09,1985,early
2544,11.124803459119496,1890,483,140,31,0,"Roskilde, DK",55.65,12.09,1986,early
2544,10.323388364779875,2151,339,48,6,0,"Roskilde, DK",55.65,12.09,1987,early
2544,12.329638364779873,1586,726,227,5,0,"Roskilde, DK",55.65,12.09,1988,early
2544,12.366273584905661,1726,530,197,81,10,"Roskilde, DK",55.65,12.09,1989,early
2544,12.49795597484277,1685,752,107,0,0,"Roskilde, DK",55.65,12.09,1990,early
2544,10.700746855345912,1992,469,68,15,0,"Roskilde, DK",55.65,12.09,1996,recent
2544,11.132114779874213,1842,549,150,3,0,"Roskilde, DK",55.65,12.09,1997,recent
2544,11.623506289308176,1927,588,29,0,0,"Roskilde, DK",55.65,12.09,1998,recent
2544,11.885141509433963,1870,548,103,23,0,"Roskilde, DK",55.65,12.09,1999,recent
2544,12.293317610062893,1844,572,103,14,11,"Roskilde, DK",55.65,12.09,2000,recent
2544,11.510849056603773,1862,538,113,31,0,"Roskilde, DK",55.65,12.09,2001,recent
2544,12.627044025157232,1691,721,108,24,0,"Roskilde, DK",55.65,12.09,2002,recent
2544,12.291981132075472,1663,744,126,11,0,"Roskilde, DK",55.65,12.09,2003,recent
2544,11.44013364779874,2024,501,19,0,0,"Roskilde, DK",55.65,12.09,2004,recent
2544,12.267099056603774,1740,572,178,54,0,"Roskilde, DK",55.65,12.09,2005,recent
2544,12.531132075471698,1647,573,239,79,6,"Roskilde, DK",55.65,12.09,2006,recent
2544,13.073466981132077,1645,730,124,43,2,"Roskilde, DK",55.65,12.09,2007,recent
2544,12.504559748427672,1651,688,181,24,0,"Roskilde, DK",55.65,12.09,2008,recent
2544,12.626808176100628,1777,547,175,45,0,"Roskilde, DK",55.65,12.09,2009,recent
2544,11.674803459119497,1854,436,178,60,16,"Roskilde, DK",55.65,12.09,2010,recent
2544,13.074095911949685,1595,790,154,5,0,"Roskilde, DK",55.65,12.09,2011,recent
2544,11.60742924528302,1831,577,131,5,0,"Roskilde, DK",55.65,12.09,2012,recent
2544,11.934709119496857,1696,705,141,2,0,"Roskilde, DK",55.65,12.09,2013,recent
2544,13.102515723270441,1565,788,149,42,0,"Roskilde, DK",55.65,12.09,2014,recent
2544,11.466548742138365,2014,427,72,21,10,"Roskilde, DK",55.65,12.09,2015,recent
2544,12.925550314465408,1518,797,193,36,0,"Roskilde, DK",55.65,12.09,2016,recent
2544,11.801650943396226,1767,681,96,0,0,"Roskilde, DK",55.65,12.09,2017,recent
2544,14.648466981132078,1263,794,375,112,0,"Roskilde, DK",55.65,12.09,2018,recent
2544,12.544732704402515,1647,676,185,31,5,"Roskilde, DK",55.65,12.09,2019,recent
2544,12.19060534591195,1744,626,146,28,0,"Roskilde, DK",55.65,12.09,2020,recent
2544,12.27700471698113,1584,642,258,52,8,"Roskilde, DK",55.65,12.09,2021,recent
2544,12.080306603773586,1793,591,136,24,0,"Roskilde, DK",55.65,12.09,2022,recent
2544,12.672287735849057,1586,643,265,50,0,"Roskilde, DK",55.65,12.09,2023,recent
2544,12.982783018867924,1573,779,174,18,0,"Roskilde, DK",55.65,12.09,2024,recent
2544,12.882114779874213,1682,693,139,20,10,"Roskilde, DK",55.65,12.09,2025,recent
2544,10.557783018867923,1917,462,145,20,0,"Uppsala, SE",59.86,17.64,1961,early
2544,8.988443396226414,2221,285,38,0,0,"Uppsala, SE",59.86,17.64,1962,early
2544,10.792649371069182,1846,561,131,6,0,"Uppsala, SE",59.86,17.64,1963,early
2544,10.76631289308176,1890,540,114,0,0,"Uppsala, SE",59.86,17.64,1964,early
2544,9.527790880503145,2086,407,51,0,0,"Uppsala, SE",59.86,17.64,1965,early
2544,10.207193396226414,1748,536,189,68,3,"Uppsala, SE",59.86,17.64,1966,early
2544,10.370440251572328,1924,473,138,9,0,"Uppsala, SE",59.86,17.64,1967,early
2544,11.109198113207547,1858,446,151,80,9,"Uppsala, SE",59.86,17.64,1968,early
2544,10.456996855345912,1821,474,157,92,0,"Uppsala, SE",59.86,17.64,1969,early
2544,10.291588050314466,1790,501,208,41,4,"Uppsala, SE",59.86,17.64,1970,early
2544,10.73683176100629,1760,553,155,76,0,"Uppsala, SE",59.86,17.64,1971,early
2544,10.907940251572326,1734,534,219,50,7,"Uppsala, SE",59.86,17.64,1972,early
2544,11.643710691823898,1670,493,211,139,31,"Uppsala, SE",59.86,17.64,1973,early
2544,10.325786163522015,1986,456,97,5,0,"Uppsala, SE",59.86,17.64,1974,early
2544,10.633569182389937,1811,488,185,60,0,"Uppsala, SE",59.86,17.64,1975,early
2544,10.559158805031448,1859,473,162,48,2,"Uppsala, SE",59.86,17.64,1976,early
2544,9.718592767295597,1975,401,127,33,8,"Uppsala, SE",59.86,17.64,1977,early
2544,10.19941037735849,1844,476,176,48,0,"Uppsala, SE",59.86,17.64,1978,early
2544,10.871540880503144,1782,575,143,44,0,"Uppsala, SE",59.86,17.64,1979,early
2544,10.872209119496857,1836,523,157,28,0,"Uppsala, SE",59.86,17.64,1980,early
2544,11.02173742138365,1767,601,150,26,0,"Uppsala, SE",59.86,17.64,1981,early
2544,10.191745283018868,1985,366,109,78,6,"Uppsala, SE",59.86,17.64,1982,early
2544,11.487775157232704,1794,540,133,45,32,"Uppsala, SE",59.86,17.64,1983,early
2544,11.34131289308176,1795,586,148,15,0,"Uppsala, SE",59.86,17.64,1984,early
2544,9.85676100628931,1825,465,191,63,0,"Uppsala, SE",59.86,17.64,1985,early
2544,11.35868710691824,1674,624,182,58,6,"Uppsala, SE",59.86,17.64,1986,early
2544,9.333608490566037,2114,369,55,6,0,"Uppsala, SE",59.86,17.64,1987,early
2544,11.836124213836479,1613,543,323,61,4,"Uppsala, SE",59.86,17.64,1988,early
2544,12.10503144654088,1693,569,165,98,19,"Uppsala, SE",59.86,17.64,1989,early
2544,11.893474842767295,1733,673,129,9,0,"Uppsala, SE",59.86,17.64,1990,early
2544,9.966745283018868,1980,482,81,1,0,"Uppsala, SE",59.86,17.64,1996,recent
2544,10.464347484276729,1817,471,209,47,0,"Uppsala, SE",59.86,17.64,1997,recent
2544,10.042727987421383,1978,496,70,0,0,"Uppsala, SE",59.86,17.64,1998,recent
2544,11.827515723270439,1654,607,217,51,15,"Uppsala, SE",59.86,17.64,1999,recent
2544,11.341666666666667,1874,559,108,3,0,"Uppsala, SE",59.86,17.64,2000,recent
2544,11.314111635220126,1824,472,157,75,16,"Uppsala, SE",59.86,17.64,2001,recent
2544,12.530621069182391,1605,639,244,56,0,"Uppsala, SE",59.86,17.64,2002,recent
2544,11.048624213836478,1759,588,172,25,0,"Uppsala, SE",59.86,17.64,2003,recent
2544,10.948034591194967,1948,537,59,0,0,"Uppsala, SE",59.86,17.64,2004,recent
2544,11.582704402515724,1815,473,168,74,14,"Uppsala, SE",59.86,17.64,2005,recent
2544,11.92936320754717,1683,487,241,116,17,"Uppsala, SE",59.86,17.64,2006,recent
2544,12.087893081761006,1741,623,135,42,3,"Uppsala, SE",59.86,17.64,2007,recent
2544,11.937224842767295,1690,627,182,40,5,"Uppsala, SE",59.86,17.64,2008,recent
2544,11.610534591194968,1887,448,145,64,0,"Uppsala, SE",59.86,17.64,2009,recent
2544,11.617885220125787,1748,468,204,99,25,"Uppsala, SE",59.86,17.64,2010,recent
2544,12.965330188679246,1574,656,222,92,0,"Uppsala, SE",59.86,17.64,2011,recent
2544,10.401061320754717,1947,518,78,1,0,"Uppsala, SE",59.86,17.64,2012,recent
2544,11.7625393081761,1609,720,195,20,0,"Uppsala, SE",59.86,17.64,2013,recent
2544,11.214033018867923,1836,478,178,52,0,"Uppsala, SE",59.86,17.64,2014,recent
2544,10.981132075471699,1983,456,81,24,0,"Uppsala, SE",59.86,17.64,2015,recent
2544,11.72936320754717,1695,641,191,17,0,"Uppsala, SE",59.86,17.64,2016,recent
2544,10.306289308176101,1866,518,139,21,0,"Uppsala, SE",59.86,17.64,2017,recent
2544,13.088089622641508,1498,562,331,129,24,"Uppsala, SE",59.86,17.64,2018,recent
2544,11.592295597484277,1708,577,188,67,4,"Uppsala, SE",59.86,17.64,2019,recent
2544,11.283765723270442,1791,507,143,72,31,"Uppsala, SE",59.86,17.64,2020,recent
2544,11.996069182389936,1552,537,295,131,29,"Uppsala, SE",59.86,17.64,2021,recent
2544,11.44803459119497,1713,596,157,54,24,"Uppsala, SE",59.86,17.64,2022,recent
2544,11.591470125786163,1596,576,289,83,0,"Uppsala, SE",59.86,17.64,2023,recent
2544,12.157272012578618,1537,623,302,75,7,"Uppsala, SE",59.86,17.64,2024,recent
2544,11.43498427672956,1844,571,118,11,0,"Uppsala, SE",59.86,17.64,2025,recent
