T,Dose,Replicate,fit_start_used,fit_end_used,window_len_min,n_points_fit,delta_Ninoc_to_N0_min
15,0.06,R1,420.03,3793.03,3373,3374,419.5
15,0.06,R2,428.03,3848.03,3420,3421,427.2
15,0.06,R3,235.03,3498.03,3263,3264,234.4
15,0.12,R1,424.03,3690.03,3266,3267,423.3
15,0.12,R2,361.03,3625.03,3264,3265,360.5
15,0.12,R3,262.03,3282.03,3020,3021,261.5
15,0.25,R1,358.03,3622.03,3264,3265,357.8
15,0.25,R2,284.03,3185.03,2901,2902,284
15,0.25,R3,441.03,3355.03,2914,2915,440.2
15,0.5,R1,427.03,3535.03,3108,3109,426.1
15,0.5,R2,322.03,3100.03,2778,2779,321.4
15,0.5,R3,342.03,3567.03,3225,3226,341.7
15,1,R1,433.03,3703.03,3270,3271,432.5
15,1,R3,311.03,3257.03,2946,2947,310.4
15,2,R1,370.03,3474.03,3104,3105,369.3
15,2,R2,242.03,3253.03,3011,3012,241.1
15,2,R3,255.03,3257.03,3002,3003,254.8
15,4,R1,480.03,3204.03,2724,2725,479.6
15,4,R2,240.03,2465.03,2225,2226,239.8
15,4,R3,243.03,3341.03,3098,3099,242.6
15,Control,R1,426.03,3487.03,3061,3062,425.5
15,Control,R2,328.03,3791.03,3463,3464,327.7
15,Control,R3,329.03,3788.03,3459,3460,328.4
18,0.06,R1,472.03,3296.03,2824,2825,471.8
18,0.06,R2,271.03,3118.03,2847,2848,270.2
18,0.06,R3,491.03,3788.03,3297,3298,490.6
18,0.12,R1,290.03,3785.03,3495,3496,290
18,0.12,R2,256.03,3405.03,3149,3150,255.9
18,0.12,R3,233.03,3217.03,2984,2985,232.3
18,0.25,R1,324.03,3524.03,3200,3201,323.9
18,0.25,R2,425.03,3521.03,3096,3097,424.5
18,0.25,R3,492.03,3704.03,3212,3213,491.1
18,0.5,R1,293.03,3726.03,3433,3434,292.2
18,0.5,R2,260.03,3558.03,3298,3299,259.1
18,0.5,R3,441.03,3798.03,3357,3358,440.3
18,1,R1,244.03,3504.03,3260,3261,243.1
18,1,R2,237.03,3490.03,3253,3254,236.9
18,1,R3,389.03,3767.03,3378,3379,388.6
18,2,R1,478.03,3895.03,3417,3418,477.3
18,2,R2,322.03,3275.03,2953,2954,321.1
18,2,R3,282.03,3688.03,3406,3407,281.4
18,4,R1,350.03,3747.03,3397,3398,349.3
18,4,R2,351.03,3773.03,3422,3423,350.2
18,4,R3,236.03,3624.03,3388,3389,235.5
18,Control,R1,411.03,3746.03,3335,3336,410.2
18,Control,R2,413.03,3512.03,3099,3100,413
18,Control,R3,327.03,3392.03,3065,3066,326.3
21,0.06,R1,319.03,2904.03,2585,2586,318.2
21,0.06,R2,457.03,2929.03,2472,2473,456.1
21,0.06,R3,369.03,3190.03,2821,2822,368.8
21,0.12,R1,457.03,2983.03,2526,2527,456.1
21,0.12,R2,475.03,3228.03,2753,2754,474.7
21,0.12,R3,391.03,2994.03,2603,2604,390.5
21,0.25,R1,468.03,3108.03,2640,2641,467.4
21,0.25,R2,305.03,2405.03,2100,2101,304.1
21,0.25,R3,325.03,3216.03,2891,2892,324.9
21,0.5,R1,295.03,3238.03,2943,2944,294.1
21,0.5,R2,263.03,3149.03,2886,2887,263
21,0.5,R3,325.03,3390.03,3065,3066,324.3
21,1,R1,489.03,3514.03,3025,3026,488.1
21,1,R2,249.03,3736.03,3487,3488,248.6
21,1,R3,396.03,3277.03,2881,2882,395.6
21,2,R1,385.03,3589.03,3204,3205,384.8
21,2,R2,316.03,3388.03,3072,3073,315.6
21,2,R3,301.03,3501.03,3200,3201,300.4
21,4,R1,309.03,3519.03,3210,3211,308.8
21,4,R2,395.03,3488.03,3093,3094,394.3
21,4,R3,292.03,3444.03,3152,3153,291.7
21,Control,R1,296.03,2783.03,2487,2488,295.7
21,Control,R2,471.03,3033.03,2562,2563,470.4
21,Control,R3,247.03,2948.03,2701,2702,246.2
24,0.06,R1,293.03,2358.03,2065,2066,292.1
24,0.06,R2,279.03,3036.03,2757,2758,278.9
24,0.06,R3,376.03,2457.03,2081,2082,375.4
24,0.12,R1,256.03,2665.03,2409,2410,255.7
24,0.12,R2,365.03,2480.03,2115,2116,364.6
24,0.12,R3,316.03,2184.03,1868.0000000000002,1869,315.1
24,0.25,R1,348.03,2124.03,1776.0000000000002,1777,347.2
24,0.25,R2,476.03,3018.03,2542,2543,475.2
24,0.25,R3,385.03,2965.03,2580,2581,384.2
24,0.5,R1,257.03,2952.03,2695,2696,257
24,0.5,R2,448.03,3073.03,2625,2626,447.2
24,0.5,R3,476.03,2804.03,2328,2329,475.9
24,1,R1,469.03,2700.03,2231,2232,468.2
24,1,R2,455.03,3179.03,2724,2725,454.1
24,1,R3,386.03,3095.03,2709,2710,385.1
24,2,R1,235.03,2884.03,2649,2650,234.3
24,2,R2,306.03,3353.03,3047,3048,305.4
24,2,R3,446.03,3298.03,2852,2853,445.5
24,4,R1,315.03,2956.03,2641,2642,314.2
24,4,R2,288.03,3131.03,2843,2844,287.1
24,4,R3,372.03,3440.03,3068,3069,372
24,Control,R1,359.03,2437.03,2078,2079,358.5
24,Control,R2,365.03,2550.03,2185,2186,364.1
24,Control,R3,353.03,2459.03,2106,2107,352.5
26,0.06,R1,329.03,2663.03,2334,2335,328.5
26,0.06,R2,486.03,2545.03,2059,2060,485.2
26,0.06,R3,429.03,1062.03,633,634,428.5
26,0.12,R1,378.03,2566.03,2188,2189,377.7
26,0.12,R2,348.03,901.03,553,554,347.3
26,0.12,R3,402.03,1860.03,1458,1459,401.5
26,0.25,R1,360.03,1362.03,1002,1003,359.6
26,0.25,R2,438.03,1965.03,1527,1528,437.8
26,0.25,R3,270.03,1168.03,898,899,269.6
26,0.5,R1,429.03,2920.03,2491,2492,429
26,0.5,R2,332.03,1862.03,1530,1531,331.1
26,0.5,R3,264.03,988.03,724,725,263.4
26,1,R1,346.03,1925.03,1579,1580,345.4
26,1,R2,240.03,1668.03,1428,1429,239.2
26,1,R3,260.03,1775.03,1515,1516,259.9
26,2,R1,390.03,2819.03,2429,2430,389.7
26,2,R2,309.03,3038.03,2729,2730,308.8
26,2,R3,236.03,1612.03,1376,1377,235.6
26,4,R1,339.03,3359.03,3020,3021,338.2
26,4,R2,317.03,3335.03,3018,3019,316.7
26,4,R3,291.03,2806.03,2515,2516,290.1
26,Control,R1,248.03,2404.03,2156,2157,247.9
26,Control,R2,292.03,2400.03,2108,2109,291.1
26,Control,R3,465.03,1953.03,1488,1489,464.9
27,0.06,R1,355.03,1996.03,1641,1642,354.6
27,0.06,R2,435.03,1179.03,744,745,434.6
27,0.06,R3,465.03,1827.03,1362,1363,464.6
27,0.12,R1,270.03,2575.03,2305,2306,269.2
27,0.12,R2,402.03,2659.03,2257,2258,401.5
27,0.12,R3,462.03,3375.03,2913,2914,461.9
27,0.25,R1,482.03,1631.03,1149,1150,481.7
27,0.25,R2,315.03,1546.03,1231,1232,314.3
27,0.25,R3,325.03,1543.03,1218,1219,324.2
27,0.5,R1,415.03,2983.03,2568,2569,414.3
27,0.5,R2,392.03,3128.03,2736,2737,391.3
27,0.5,R3,377.03,3067.03,2690,2691,376.6
27,1,R1,269.03,1502.03,1233,1234,268.2
27,1,R3,455.03,1358.03,903,904,454.5
27,2,R1,434.03,2715.03,2281,2282,433.8
27,2,R2,378.03,2880.03,2502,2503,378
27,2,R3,423.03,1611.03,1188,1189,422.6
27,4,R2,409.03,1277.03,868,869,408.2
27,4,R3,361.03,1063.03,702,703,360.3
27,Control,R1,385.03,2744.03,2359,2360,384.8
27,Control,R2,388.03,2630.03,2242,2243,387.3
27,Control,R3,456.03,2532.03,2076,2077,455.8
28,0.06,R1,439.03,1552.03,1113,1114,438.8
28,0.06,R2,299.03,1655.03,1356,1357,298.7
28,0.06,R3,355.03,2983.03,2628,2629,354.3
28,0.12,R1,435.03,2939.03,2504,2505,434.4
28,0.12,R2,482.03,2918.03,2436,2437,481.1
28,0.12,R3,431.03,1145.03,714,715,430.2
28,0.25,R1,487.03,1153.03,666,667,486.3
28,0.25,R2,270.03,1848.03,1578,1579,269.2
28,0.25,R3,391.03,2877.03,2486,2487,390.3
28,0.5,R1,232.03,2897.03,2665,2666,231.9
28,0.5,R2,366.03,1259.03,893,894,365.7
28,0.5,R3,286.03,952.03,666,667,285.8
28,1,R1,453.03,1125.03,672,673,452.8
28,1,R2,361.03,1481.03,1120,1121,360.9
28,1,R3,233.03,3107.03,2874,2875,232.5
28,2,R1,454.03,3254.03,2800,2801,453.6
28,2,R2,288.03,2977.03,2689,2690,287.3
28,2,R3,371.03,3211.03,2840,2841,370.3
28,4,R1,265.03,3359.03,3094,3095,264.2
28,4,R2,366.03,3567.03,3201,3202,365.4
28,4,R3,464.03,3374.03,2910,2911,463.3
28,Control,R1,355.03,2707.03,2352,2353,354.7
28,Control,R2,428.03,2825.03,2397,2398,427.7
28,Control,R3,260.03,2794.03,2534,2535,259.2
