T,Dose,Replicate,parameter,Estimate,SE,t value,p_value,T_end_min
15,0.06,R1,r,5.992262893634349e-4,1.8405130373782277e-6,325.57568308074593,0,3373
15,0.06,R1,K,2.743161622538152e-4,1.0884387293794822e-6,252.0271971672696,0,3373
15,0.06,R1,O2_0,8.40729262655555,0.0014575043293058045,5768.27969393399,0,3373
15,0.06,R2,r,4.8460353634806786e-4,1.7917431836499434e-6,270.4648415968222,0,3420
15,0.06,R2,K,3.325763210701672e-4,1.2610768633646182e-6,263.7240684781389,0,3420
15,0.06,R2,O2_0,9.403438298764007,0.0015168564125422632,6199.293631889502,0,3420
15,0.06,R3,r,5.751163399528598e-4,1.8883097133746505e-6,304.56674341046175,0,3263
15,0.06,R3,K,3.0342461618076814e-4,1.1800324271800971e-6,257.1324390685234,0,3263
15,0.06,R3,O2_0,9.263360050286607,0.0014557525662852407,6363.279217102572,0,3263
15,0.12,R1,r,6.793881949047309e-4,2.233145197918965e-6,304.2292975565775,0,3266
15,0.12,R1,K,2.1501292151772722e-4,1.0189610040730156e-6,211.01192357535996,0,3266
15,0.12,R1,O2_0,9.146406933017474,0.001414651983586999,6465.481997788457,0,3266
15,0.12,R2,r,5.924365646662624e-4,1.957681039994374e-6,302.62159798409493,0,3264
15,0.12,R2,K,2.8443898111927803e-4,1.1529394130140296e-6,246.70765688865978,0,3264
15,0.12,R2,O2_0,10.419540120970693,0.0014503182362167826,7184.312974061824,0,3264
15,0.12,R3,r,4.973914026174694e-4,2.0020911565802578e-6,248.4359420812069,0,3020
15,0.12,R3,K,4.328301170841986e-4,1.5959505712141697e-6,271.2052145543013,0,3020
15,0.12,R3,O2_0,9.584742643946885,0.0016126008082819646,5943.654867789813,0,3020
15,0.25,R1,r,5.396416887690034e-4,2.3175148897717537e-6,232.85360156721643,0,3264
15,0.25,R1,K,2.6967651840777146e-4,1.2743841176339115e-6,211.6132135328766,0,3264
15,0.25,R1,O2_0,8.779608342816204,0.0015136101102221856,5800.442454449138,0,3264
15,0.25,R2,r,7.107274451202535e-4,2.3324523234017664e-6,304.7125285217803,0,2901
15,0.25,R2,K,3.03561162076224e-4,1.3173799951424136e-6,230.42794273144244,0,2901
15,0.25,R2,O2_0,8.748608821527094,0.0015384847641714179,5686.50988639386,0,2901
15,0.25,R3,r,5.711482399406563e-4,2.331063372614706e-6,245.0161787322028,0,2914
15,0.25,R3,K,3.698566766065653e-4,1.55565672426712e-6,237.7495438659883,0,2914
15,0.25,R3,O2_0,8.882088341069236,0.001597985093716613,5558.30487780782,0,2914
15,0.5,R1,r,4.589926875813983e-4,3.3297681030416896e-6,137.8452412833542,0,3108
15,0.5,R1,K,2.517217805217777e-4,1.5771053333888826e-6,159.60999889644538,0,3108
15,0.5,R1,O2_0,8.20736373438608,0.0016011962917337145,5125.769886401285,0,3108
15,0.5,R2,r,5.180381966049959e-4,2.4105692954508235e-6,214.90284373182172,0,2778
15,0.5,R2,K,4.61068502700495e-4,1.8715319499402821e-6,246.35887338990236,0,2778
15,0.5,R2,O2_0,8.554513069021725,0.0017051298965241113,5016.927500045602,0,2778
15,0.5,R3,r,1.8962734714510034e-4,1.3388376896242728e-6,141.63579992905395,0,3225
15,0.5,R3,K,8.858903340673166e-4,2.124985921599409e-6,416.8923309386141,0,3225
15,0.5,R3,O2_0,8.591055254293888,0.001754178933662193,4897.479435782741,0,3225
15,1,R1,r,1.6446857955785933e-4,1.4289782378918968e-6,115.09523042176762,0,3270
15,1,R1,K,8.062250678220745e-4,2.0753250069064952e-6,388.48135358993403,0,3270
15,1,R1,O2_0,7.779864962220083,0.0017012369554760694,4573.063697668728,0,3270
15,1,R3,r,3.475325874904354e-4,3.6557117300141526e-6,95.06564334302419,0,2946
15,1,R3,K,3.188165309844835e-4,1.9956175661604564e-6,159.7583306494353,0,2946
15,1,R3,O2_0,7.82336845872018,0.0016970849303613558,4609.886234187685,0,2946
15,2,R1,r,3.2546819216030783e-4,3.7004203376908085e-6,87.9543842209589,0,3104
15,2,R1,K,2.837657761903313e-4,1.8916482191891214e-6,150.00980272747069,0,3104
15,2,R1,O2_0,8.906425689499136,0.0016880744378831498,5276.085870163296,0,3104
15,2,R2,r,1.5601710120115398e-4,3.443994536056482e-6,45.301204623802946,0,3011
15,2,R2,K,4.300359674773109e-4,2.4373423290166375e-6,176.43642518234682,0,3011
15,2,R2,O2_0,8.600862912780824,0.0018049827790955074,4765.066466224565,0,3011
15,2,R3,r,2.818791329412753e-4,3.5024974185620768e-6,80.47946914890193,0,3002
15,2,R3,K,3.5264336052197564e-4,2.1144012164621532e-6,166.78166744153867,0,3002
15,2,R3,O2_0,9.001203888883028,0.0017384708723843945,5177.655853697136,0,3002
15,4,R1,r,2.7661758488766575e-4,5.979894271328699e-6,46.257939076605595,0,2724
15,4,R1,K,2.8258272342135605e-4,2.5982966717167598e-6,108.75691236391668,0,2724
15,4,R1,O2_0,9.364123135193394,0.0018869379997689599,4962.602447107406,0,2724
15,4,R2,r,8.314429665468632e-5,6.667860624522775e-6,12.469411305464567,1.5241609716664442e-34,2225
15,4,R2,K,5.432242398465834e-4,4.2580511655929296e-6,127.57578965609727,0,2225
15,4,R2,O2_0,8.547070162988634,0.002154971255692889,3966.210751261501,0,2225
15,4,R3,r,1.7283450417251913e-4,3.345603268093166e-6,51.66019109941465,0,3098
15,4,R3,K,3.8981527676195207e-4,2.225122738009882e-6,175.18821326260738,0,3098
15,4,R3,O2_0,8.39949091720709,0.0017269383713231987,4863.804671136765,0,3098
15,Control,R1,r,8.547285473408178e-4,1.8982496292844322e-6,450.27194219077387,0,3061
15,Control,R1,K,2.3898745546741112e-4,9.306414556153495e-7,256.79863499030375,0,3061
15,Control,R1,O2_0,9.460933749896725,0.0013972397383720356,6771.159944906758,0,3061
15,Control,R2,r,6.08524431963736e-4,1.2623412205277619e-6,482.06017681124524,0,3463
15,Control,R2,K,3.5032523504321933e-4,9.859540549198163e-7,355.31598383832386,0,3463
15,Control,R2,O2_0,8.795529525110961,0.0013961517148055483,6299.837927238427,0,3463
15,Control,R3,r,6.379492759535965e-4,1.3119768640344923e-6,486.2504007820862,0,3459
15,Control,R3,K,3.382259856263849e-4,9.96339689336987e-7,339.4685459649379,0,3459
15,Control,R3,O2_0,9.946467082600835,0.0014587241989049641,6818.607033507399,0,3459
18,0.06,R1,r,7.246463506574355e-4,1.5859497383890168e-6,456.91634048473696,0,2824
18,0.06,R1,K,4.7943786051678097e-4,1.3753884923518852e-6,348.5835916054179,0,2824
18,0.06,R1,O2_0,8.77171816577818,0.001555361849879993,5639.6639575896625,0,2824
18,0.06,R2,r,6.811695966669523e-4,1.599217129714535e-6,425.9394074827995,0,2847
18,0.06,R2,K,4.94856984628749e-4,1.4299413898787297e-6,346.0680193827502,0,2847
18,0.06,R2,O2_0,7.861941289060439,0.0015719427026910072,5001.41721170981,0,2847
18,0.06,R3,r,7.305514255130219e-4,1.2641153283589315e-6,577.91517049430945,0,3297
18,0.06,R3,K,3.281908630258833e-4,9.023193486890109e-7,363.71919044262455,0,3297
18,0.06,R3,O2_0,8.027766502457544,0.00135270843344342,5934.587457270645,0,3297
18,0.12,R1,r,6.773803019822551e-4,1.3079195522926914e-6,517.9067021322946,0,3495
18,0.12,R1,K,2.807767491067061e-4,8.439436168618631e-7,332.696099000964,0,3495
18,0.12,R1,O2_0,8.089076724322666,0.001321505785613215,6121.105796422307,0,3495
18,0.12,R2,r,6.982142235496432e-4,1.32244808192504e-6,527.9709903872202,0,3149
18,0.12,R2,K,4.0010298620193186e-4,1.0808567077560168e-6,370.172089723708,0,3149
18,0.12,R2,O2_0,8.820977044852576,0.001436641290702125,6139.99966584667,0,3149
18,0.12,R3,r,7.796976771184475e-4,1.4304936216129628e-6,545.0549833555316,0,2984
18,0.12,R3,K,3.9030969408329516e-4,1.0920064041285652e-6,357.4243636371045,0,2984
18,0.12,R3,O2_0,8.512001589234675,0.0014388683830120212,5915.761086789798,0,2984
18,0.25,R1,r,6.070424206751309e-4,1.3759128619636209e-6,441.1924893330789,0,3200
18,0.25,R1,K,4.29473998134871e-4,1.200431178143895e-6,357.7664475517231,0,3200
18,0.25,R1,O2_0,8.657643008908048,0.0014848671018070291,5830.584433025698,0,3200
18,0.25,R2,r,6.42088262333904e-4,1.2667864415425728e-6,506.8638574565336,0,3096
18,0.25,R2,K,4.86763795438701e-4,1.2167086440091483e-6,400.06602881917314,0,3096
18,0.25,R2,O2_0,8.36317595621484,0.0014786356749938842,5656.008506794232,0,3096
18,0.25,R3,r,6.915674077944144e-4,1.2677197566006195e-6,545.5207305823228,0,3212
18,0.25,R3,K,4.013669887520499e-4,1.0621536344070069e-6,377.8803515332604,0,3212
18,0.25,R3,O2_0,8.747290001475978,0.0014514764969080372,6026.477190715537,0,3212
18,0.5,R1,r,6.192500134286009e-4,1.3274326244701606e-6,466.50202956686564,0,3433
18,0.5,R1,K,3.3835967904650885e-4,9.942470529548612e-7,340.31750764653293,0,3433
18,0.5,R1,O2_0,8.218733695822383,0.0014046828470280443,5850.953269067931,0,3433
18,0.5,R2,r,5.682629214198082e-4,1.19761243736987e-6,474.49650962860386,0,3298
18,0.5,R2,K,4.7563399368610605e-4,1.1854886091539527e-6,401.21346591896116,0,3298
18,0.5,R2,O2_0,8.297362724360937,0.0014769463549553726,5617.917466346738,0,3298
18,0.5,R3,r,5.979875800216966e-4,1.2998156922960812e-6,460.0556706354048,0,3357
18,0.5,R3,K,3.9292065704955035e-4,1.0945244202992296e-6,358.9875655237831,0,3357
18,0.5,R3,O2_0,8.312940773224172,0.001451883820213219,5725.623949720275,0,3357
18,1,R1,r,5.017299887788176e-4,1.3751549617479025e-6,364.85341851298665,0,3260
18,1,R1,K,4.82002640480171e-4,1.3344276233315304e-6,361.20553265886673,0,3260
18,1,R1,O2_0,8.57074353538641,0.0015192627872103552,5641.383181064985,0,3260
18,1,R2,r,4.4891427050164085e-4,1.35420945125097e-6,331.4954493095215,0,3253
18,1,R2,K,5.434154587660149e-4,1.4540024085799853e-6,373.73766065265863,0,3253
18,1,R2,O2_0,8.738650787781394,0.0015616483190181607,5595.786632214068,0,3253
18,1,R3,r,5.933035427175464e-4,1.2339539856471048e-6,480.81496524070843,0,3378
18,1,R3,K,3.9814215486076715e-4,1.0591623293696752e-6,375.902865708704,0,3378
18,1,R3,O2_0,9.21227384218131,0.0014121934367164054,6523.379589981273,0,3378
18,2,R1,r,4.6213986706216575e-4,1.4644299854920242e-6,315.5766213752407,0,3417
18,2,R1,K,4.161340427356261e-4,1.2791621737625737e-6,325.317658128988,0,3417
18,2,R1,O2_0,8.22113818725954,0.0014988818972757143,5484.847206575668,0,3417
18,2,R2,r,6.189958701822155e-4,2.40583113725927e-6,257.2898241259681,0,2953
18,2,R2,K,3.2404446320918173e-4,1.4468258025903884e-6,223.96923156126635,0,2953
18,2,R2,O2_0,8.546936175452924,0.0015893016191867342,5377.793662493404,0,2953
18,2,R3,r,4.7113929201117645e-4,1.728480940913117e-6,272.5741897751469,0,3406
18,2,R3,K,3.539296044005543e-4,1.2830604673402494e-6,275.84795370887,0,3406
18,2,R3,O2_0,8.776680621281981,0.0015110043515731168,5808.507839268974,0,3406
18,4,R1,r,3.6026457789560735e-4,1.4570271193000394e-6,247.26003594818442,0,3397
18,4,R1,K,5.113098148254279e-4,1.5015843965735333e-6,340.5135375621818,0,3397
18,4,R1,O2_0,8.533037580027166,0.0015644365359300245,5454.383980462624,0,3397
18,4,R2,r,4.3925122541047494e-4,1.5545629931658889e-6,282.5560799668425,0,3422
18,4,R2,K,4.084466109168299e-4,1.3251663888165852e-6,308.22288760401284,0,3422
18,4,R2,O2_0,8.580606211666087,0.0015176931252041414,5653.716202023336,0,3422
18,4,R3,r,4.4958524783062816e-4,1.9139253250887414e-6,234.90218867853824,0,3388
18,4,R3,K,3.4296090858133214e-4,1.358915274675761e-6,252.37843372035323,0,3388
18,4,R3,O2_0,8.420639634534227,0.0015507771788977297,5429.9481247973345,0,3388
18,Control,R1,r,8.561124613827527e-4,1.3322640391928906e-6,642.599692101125,0,3335
18,Control,R1,K,2.4354947214005407e-4,7.37782922243796e-7,330.10993450397945,0,3335
18,Control,R1,O2_0,8.42319670216559,0.0013201834233255317,6380.323031891753,0,3335
18,Control,R2,r,7.716064044720464e-4,1.3933013240991086e-6,553.7972232754157,0,3099
18,Control,R2,K,3.623878195454413e-4,1.0308161770721897e-6,351.5542611823628,0,3099
18,Control,R2,O2_0,8.399153672829497,0.0014434945333313656,5818.62520355067,0,3099
18,Control,R3,r,7.35432433360142e-4,1.3465671779348533e-6,546.1535416955797,0,3065
18,Control,R3,K,4.106683947781127e-4,1.1044724613993402e-6,371.8231183942836,0,3065
18,Control,R3,O2_0,8.296715362349879,0.0014569259268666594,5694.672055286453,0,3065
21,0.06,R1,r,8.199302480851028e-4,1.7151596546852705e-6,478.04893605403686,0,2585
21,0.06,R1,K,5.260200087540114e-4,1.5030848658021913e-6,349.96028549144916,0,2585
21,0.06,R1,O2_0,8.533859754306022,0.0015955700021621515,5348.470918068037,0,2585
21,0.06,R2,r,9.626535873132786e-4,1.923001092461641e-6,500.59960500645474,0,2472
21,0.06,R2,K,4.670134927766438e-4,1.4612402375588173e-6,319.60076158103044,0,2472
21,0.06,R2,O2_0,8.3958231283272209,0.0016255698207444352,5164.849286192041,0,2472
21,0.06,R3,r,8.159613938868461e-4,1.5191508417262582e-6,537.1167704186926,0,2821
21,0.06,R3,K,4.3047628774117063e-4,1.2067847502003245e-6,356.71339704094885,0,2821
21,0.06,R3,O2_0,8.481086720800759,0.0014900890663906122,5691.664285104905,0,2821
21,0.12,R1,r,7.580664196662867e-4,1.7569269850466383e-6,431.4729218221687,0,2526
21,0.12,R1,K,6.148930436637365e-4,1.7282781419407875e-6,355.78361418911203,0,2526
21,0.12,R1,O2_0,8.353947987518705,0.001671912243246282,4996.642629578568,0,2526
21,0.12,R2,r,7.297874840201281e-4,1.4425666938947344e-6,505.8951430867996,0,2753
21,0.12,R2,K,5.724915325547921e-4,1.4516829372813113e-6,394.3640293981447,0,2753
21,0.12,R2,O2_0,8.406221706951467,0.0015801197298563202,5319.990345108748,0,2753
21,0.12,R3,r,7.027792116047906e-4,1.7317272238773693e-6,405.82558379561357,0,2603
21,0.12,R3,K,6.081475282073373e-4,1.7230936915178456e-6,352.9393272118766,0,2603
21,0.12,R3,O2_0,8.642683999063145,0.0016692620571739586,5177.547744477646,0,2603
21,0.25,R1,r,7.106484048498848e-4,1.5006733591984176e-6,473.5530223775523,0,2640
21,0.25,R1,K,6.772654158092166e-4,1.6935386479567702e-6,399.91140245091395,0,2640
21,0.25,R1,O2_0,8.899616103572363,0.001690111852616218,5265.696521680593,0,2640
21,0.25,R2,r,6.435006731041564e-4,2.147489341508744e-6,299.65255736825094,0,2100
21,0.25,R2,K,0.0010799483170548933,2.9269845540342453e-6,368.9627659860408,0,2100
21,0.25,R2,O2_0,7.995828394392996,0.0019611695950707293,4077.0713631753138,0,2100
21,0.25,R3,r,7.386462588717113e-4,1.5168904954882425e-6,486.9476478814397,0,2891
21,0.25,R3,K,4.565556523848736e-4,1.2920520874812922e-6,353.3570022512611,0,2891
21,0.25,R3,O2_0,8.283213252596628,0.001542350870646366,5370.511606820899,0,2891
21,0.5,R1,r,6.604662623073005e-4,1.3211351455937346e-6,499.9233155745613,0,2943
21,0.5,R1,K,5.3850225641305e-4,1.3293369551405298e-6,405.0908645326291,0,2943
21,0.5,R1,O2_0,8.32625532177292,0.0015128942041270031,5503.52780720545,0,2943
21,0.5,R2,r,5.195654753434071e-4,1.4070817597253758e-6,369.2503806209614,0,2886
21,0.5,R2,K,6.918376598947009e-4,1.7128641539375147e-6,403.9069054625911,0,2886
21,0.5,R2,O2_0,8.32341670894063,0.001652549209903757,5036.713375346552,0,2886
21,0.5,R3,r,6.591010705203344e-4,1.3283521046552117e-6,496.17949052101005,0,3065
21,0.5,R3,K,4.7955971107686125e-4,1.2478149855540912e-6,384.31956390066364,0,3065
21,0.5,R3,O2_0,8.297358365079225,0.0015178208619600361,5466.625590034677,0,3065
21,1,R1,r,5.962461107849598e-4,1.2559500220746353e-6,474.7371314983166,0,3025
21,1,R1,K,5.818975225372109e-4,1.3863879336554482e-6,419.72200450629924,0,3025
21,1,R1,O2_0,8.454103349381807,0.0015475344680980674,5462.949952754183,0,3025
21,1,R2,r,5.989180703513111e-4,1.6838118629541777e-6,355.69179878596077,0,3487
21,1,R2,K,2.5821886810871794e-4,9.745437109258516e-7,264.96386484645285,0,3487
21,1,R2,O2_0,8.46791734745499,0.0013805371887687496,6133.784309720199,0,3487
21,1,R3,r,4.3950517595012456e-4,1.354164154151205e-6,324.5582705780659,0,2881
21,1,R3,K,8.061265611707855e-4,1.8740652190967817e-6,430.1486164709378,0,2881
21,1,R3,O2_0,8.114501952955864,0.0016776961975739726,4836.693296849462,0,2881
21,2,R1,r,4.1938977612883036e-4,1.2057524575804738e-6,347.8241105727455,0,3204
21,2,R1,K,6.690300668870143e-4,1.552077805963461e-6,431.05446409737823,0,3204
21,2,R1,O2_0,8.486125352514222,0.0015828192797020715,5361.398778331494,0,3204
21,2,R2,r,4.4827864201335684e-4,1.315283654843253e-6,340.82278781665525,0,3072
21,2,R2,K,6.781936436260088e-4,1.6509814415900515e-6,410.7821121071138,0,3072
21,2,R2,O2_0,8.94064238787474,0.0016312521761143737,5480.846259571749,0,3072
21,2,R3,r,4.566106062993279e-4,1.2151642298316372e-6,375.76040759740926,0,3200
21,2,R3,K,6.320760500905367e-4,1.4929775976505657e-6,423.3660646249532,0,3200
21,2,R3,O2_0,8.672577291559255,0.0015778031935311122,5496.615374538626,0,3200
21,4,R1,r,3.917846748394772e-4,1.1425840947273611e-6,342.8935136130731,0,3210
21,4,R1,K,7.348942922358553e-4,1.6047425325417275e-6,457.9515263871441,0,3210
21,4,R1,O2_0,8.603537890658796,0.001596401388661557,5389.332502317672,0,3210
21,4,R2,r,3.153945197105272e-4,1.2993216786317033e-6,242.73782612683303,0,3093
21,4,R2,K,8.164565979643617e-4,1.8973094609557736e-6,430.3233683097063,0,3093
21,4,R2,O2_0,9.137157449195556,0.0016697499630827471,5472.171074240502,0,3093
21,4,R3,r,4.3068533243233767e-4,1.280225578530823e-6,336.4136287033015,0,3152
21,4,R3,K,6.558721678105291e-4,1.5914806848175576e-6,412.1144378737567,0,3152
21,4,R3,O2_0,8.671734709246966,0.001603552591907058,5407.826817163463,0,3152
21,Control,R1,r,7.493257592973798e-4,1.8671027721383677e-6,401.33075183600477,0,2487
21,Control,R1,K,5.976717175395176e-4,1.749749597060158e-6,341.57557089522743,0,2487
21,Control,R1,O2_0,8.41976630784131,0.0016381412722169398,5139.82917752058,0,2487
21,Control,R2,r,9.162695041207427e-4,1.8301131673546695e-6,500.66275707155376,0,2562
21,Control,R2,K,4.570520494527557e-4,1.4069627515402488e-6,324.85014187646806,0,2562
21,Control,R2,O2_0,8.458106142115701,0.0016036035944694076,5274.437006306585,0,2562
21,Control,R3,r,9.564766312282852e-4,1.7381897540893936e-6,550.2717001857868,0,2701
21,Control,R3,K,3.673960742919057e-4,1.1531678904778674e-6,318.59721149507425,0,2701
21,Control,R3,O2_0,8.320620658174242,0.0015093256168074369,5512.806889062299,0,2701
24,0.06,R1,r,9.89592192341942e-4,2.8605396351209024e-6,345.945981727366,0,2065
24,0.06,R1,K,5.922967203466961e-4,2.2405909788590425e-6,264.3484357186453,0,2065
24,0.06,R1,O2_0,7.889945365500784,0.0018510450485868491,4262.427525210279,0,2065
24,0.06,R2,r,0.0010359149547256893,1.9982726903379833e-6,518.4052005186925,0,2757
24,0.06,R2,K,2.6332680516199896e-4,9.891943503039214e-7,266.2033048218422,0,2757
24,0.06,R2,O2_0,7.941375921403308,0.0014638346633985327,5425.049781896883,0,2757
24,0.06,R3,r,9.634238399425635e-4,2.8572733876668016e-6,337.18293954687977,0,2081
24,0.06,R3,K,5.797937903261168e-4,2.2005010608157795e-6,263.4826225037915,0,2081
24,0.06,R3,O2_0,8.506922382262017,0.0018080144749509804,4705.118515432605,0,2081
24,0.12,R1,r,8.426214753250284e-4,1.9798113851152996e-6,425.606945015096,0,2409
24,0.12,R1,K,5.901212998608999e-4,1.8002861805077886e-6,327.79305104394587,0,2409
24,0.12,R1,O2_0,7.967756132061687,0.0017269359166843421,4613.811117762555,0,2409
24,0.12,R2,r,8.674262537491572e-4,2.394574172060873e-6,362.2465588537661,0,2115
24,0.12,R2,K,7.287693075023959e-4,2.321098903582117e-6,313.97598197030607,0,2115
24,0.12,R2,O2_0,9.609384497609325,0.0018302933081991463,5250.188291987007,0,2115
24,0.12,R3,r,0.001533849757387598,3.2192411642783844e-6,476.46314119228816,0,1868.0000000000002
24,0.12,R3,K,4.0996335997402417e-4,1.6822309025431972e-6,243.70219293572686,0,1868.0000000000002
24,0.12,R3,O2_0,8.025764848740884,0.0016928330138539563,4741.025714325584,0,1868.0000000000002
24,0.25,R1,r,8.784546803029073e-4,3.0194222693528443e-6,290.93468946666655,0,1776.0000000000002
24,0.25,R1,K,0.0010354522990711173,3.4051683953422033e-6,304.082553006034,0,1776.0000000000002
24,0.25,R1,O2_0,8.370488605181922,0.0020613999393663783,4060.5844820946277,0,1776.0000000000002
24,0.25,R2,r,7.778063843917008e-4,1.8145221148604304e-6,428.6563266557532,0,2542
24,0.25,R2,K,5.684938196530528e-4,1.6697017692260954e-6,340.47626356445016,0,2542
24,0.25,R2,O2_0,7.779159924995997,0.001660044750511549,4686.114589741524,0,2542
24,0.25,R3,r,7.68237537368804e-4,1.8265029503714664e-6,420.6056919933051,0,2580
24,0.25,R3,K,5.472247074068885e-4,1.6427152138541808e-6,333.1220790991372,0,2580
24,0.25,R3,O2_0,8.172870231417859,0.0016603656722684473,4922.331488732725,0,2580
24,0.5,R1,r,6.791549604586552e-4,1.6091279844605213e-6,422.0639793834359,0,2695
24,0.5,R1,K,6.017626857849425e-4,1.64042725356328e-6,366.8328994643403,0,2695
24,0.5,R1,O2_0,8.078132907233552,0.0016458790497241907,4908.09632007118,0,2695
24,0.5,R2,r,6.016758391219255e-4,1.5206051557514932e-6,395.681835515396,0,2625
24,0.5,R2,K,7.635370616639055e-4,1.8723154326507033e-6,407.80364694368785,0,2625
24,0.5,R2,O2_0,8.277496157643064,0.0016855965611493437,4910.722024728715,0,2625
24,0.5,R3,r,6.296000193749809e-4,2.02077407979851e-6,311.5637842295354,0,2328
24,0.5,R3,K,8.281207802537547e-4,2.3675613624044826e-6,349.77795862182836,0,2328
24,0.5,R3,O2_0,7.860851574666813,0.0018229455937196714,4312.17015019464,0,2328
24,1,R1,r,7.081477874797053e-4,1.9038566890959305e-6,371.95435535432966,0,2231
24,1,R1,K,9.154423492744744e-4,2.3888988161170825e-6,383.206832829544,0,2231
24,1,R1,O2_0,8.214146475428958,0.0018281759565302366,4493.083089780315,0,2231
24,1,R2,r,6.655210210444949e-4,1.4276913479138257e-6,466.151890614851,0,2724
24,1,R2,K,6.666633153954134e-4,1.627247277837957e-6,409.6877742399275,0,2724
24,1,R2,O2_0,8.01249929282569,0.0016406881926194917,4883.6209883567735,0,2724
24,1,R3,r,5.460187840243354e-4,1.4511889849626945e-6,376.25615249441256,0,2709
24,1,R3,K,8.042462576344134e-4,1.9239006983224533e-6,418.02898576609306,0,2709
24,1,R3,O2_0,8.278490963426208,0.0017311209044490374,4782.156429484628,0,2709
24,2,R1,r,3.022022951936858e-4,1.5993985374124502e-6,188.9474625146255,0,2649
24,2,R1,K,0.0010992089303372855,2.642508082900524e-6,415.9718327637996,0,2649
24,2,R1,O2_0,8.020403681124055,0.0018918388684560936,4239.4750498330795,0,2649
24,2,R2,r,4.146725235997686e-4,1.2516123531013084e-6,331.3106670545973,0,3047
24,2,R2,K,7.711490013710537e-4,1.7519706938877814e-6,440.1609022693207,0,3047
24,2,R2,O2_0,8.192824000705688,0.0016573720438041574,4943.261853205115,0,3047
24,2,R3,r,3.305998148736445e-4,1.3924367978748175e-6,237.4253649273107,0,2852
24,2,R3,K,9.597318160424173e-4,2.196209919867367e-6,436.99457295064815,0,2852
24,2,R3,O2_0,7.356985480344393,0.0017650262960336787,4168.201627860627,0,2852
24,4,R1,r,3.2199826665752694e-4,1.464281792818675e-6,219.90184419195373,0,2641
24,4,R1,K,0.0011413337576603323,2.5180949977876534e-6,453.2528592698388,0,2641
24,4,R1,O2_0,9.740039809668191,0.001823666950966393,5340.909317080498,0,2641
24,4,R2,r,3.0752446429059e-4,1.3211121184218413e-6,232.77696116961593,0,2843
24,4,R2,K,0.0010413957342480533,2.237295548683318e-6,465.47079345906275,0,2843
24,4,R2,O2_0,8.229594718560463,0.001756491073695117,4685.247105325691,0,2843
24,4,R3,r,2.801772229236658e-4,1.0852944074551258e-6,258.1578058442639,0,3068
24,4,R3,K,0.0010556508263433561,2.0073272084647935e-6,525.8987283646294,0,3068
24,4,R3,O2_0,8.165093610265064,0.0016933401359933372,4821.8863042984,0,3068
24,Control,R1,r,0.0010086462035295922,2.7309760566213204e-6,369.3354253634352,0,2078
24,Control,R1,K,5.962988050434208e-4,2.176730867542865e-6,273.9423664793867,0,2078
24,Control,R1,O2_0,8.173375560629333,0.0018425044918134448,4436.013913097638,0,2078
24,Control,R2,r,0.0011671002332457397,2.914856203932804e-6,400.39718997837906,0,2185
24,Control,R2,K,3.82622310419819e-4,1.6251973380557803e-6,235.43129284075076,0,2185
24,Control,R2,O2_0,7.489330762398799,0.001699910908327434,4405.719573720281,0,2185
24,Control,R3,r,0.0010577087355654526,2.795753017901276e-6,378.3269583517991,0,2106
24,Control,R3,K,5.174633825795562e-4,1.9812244298186906e-6,261.18362704971855,0,2106
24,Control,R3,O2_0,7.863112132405456,0.0017791758903053278,4419.524890850478,0,2106
26,0.06,R1,r,8.641573214819656e-4,2.10795861300824e-6,409.94985202709364,0,2334
26,0.06,R1,K,6.12347308290296e-4,1.9249689519875565e-6,318.107628519431,0,2334
26,0.06,R1,O2_0,7.5773456092239355,0.0017811809686045714,4254.113278091135,0,2334
26,0.06,R2,r,6.37596510787228e-4,2.7212628695062068e-6,234.30169791091316,0,2059
26,0.06,R2,K,9.118086468726037e-4,3.058719437562143e-6,298.1014328006927,0,2059
26,0.06,R2,O2_0,7.749597452694984,0.001985458054273941,3903.178632262227,0,2059
26,0.06,R3,r,0.001876661690663272,1.1164256180464865e-4,16.80955417295996,1.1261486688973732e-52,633
26,0.06,R3,K,4.5938087535742344e-4,1.9199410758359143e-5,23.92682156442826,1.554812197050839e-90,633
26,0.06,R3,O2_0,7.8624095591879355,0.0036875706233169157,2132.1380286178255,0,633
26,0.12,R1,r,6.91928397766894e-4,2.011503436790169e-6,343.98569006227,0,2188
26,0.12,R1,K,9.536410793621419e-4,2.5625553771560964e-6,372.1445740698432,0,2188
26,0.12,R1,O2_0,8.054842809366784,0.0018830904614381336,4277.459301246328,0,2188
26,0.12,R2,r,6.424305738720134e-4,1.0902237343796211e-4,5.892648945471554,6.622248443160061e-9,553
26,0.12,R2,K,0.0010225639443967032,3.3252021009806646e-5,30.751933667283858,1.173620085994831e-121,553
26,0.12,R2,O2_0,8.067908840277804,0.004381351823505694,1841.4199921115555,0,553
26,0.12,R3,r,4.2687248095413916e-4,3.813238775671463e-6,111.94486001705266,0,1458
26,0.12,R3,K,0.002186600960588806,6.762470977594142e-6,323.3434890639227,0,1458
26,0.12,R3,O2_0,8.058202495666656,0.002531628618852319,3183.011297810236,0,1458
26,0.25,R1,r,8.011394217207529e-4,2.501713490285585e-5,32.02362799863618,1.913005242773246e-155,1002
26,0.25,R1,K,7.713233362748176e-4,1.0975043839025027e-5,70.27974991153553,0,1002
26,0.25,R1,O2_0,7.866604285816106,0.0029741885509419063,2644.958162899525,0,1002
26,0.25,R2,r,4.782041131618321e-4,3.93051397817912e-6,121.66452423694689,0,1527
26,0.25,R2,K,0.0018028178286816168,6.092373193038794e-6,295.91388635573645,0,1527
26,0.25,R2,O2_0,7.963023832267576,0.0024636473160467402,3232.209326554638,0,1527
26,0.25,R3,r,9.352705266743203e-4,3.8813268207803314e-5,24.096670284680805,2.6625878187897858e-99,898
26,0.25,R3,K,6.175948475838789e-4,1.2268843989321519e-5,50.33847101824893,2.0684058971286728e-263,898
26,0.25,R3,O2_0,7.800118512601874,0.003012213513024567,2589.4972182001025,0,898
26,0.5,R1,r,6.180244186246997e-4,1.931754795458837e-6,319.92902001721416,0,2491
26,0.5,R1,K,7.227112279972161e-4,2.128428088071073e-6,339.55163063657295,0,2491
26,0.5,R1,O2_0,8.542348405716984,0.00179523809814039,4758.337300531688,0,2491
26,0.5,R2,r,3.7418252009365177e-4,3.7895705284374878e-6,98.7400860561195,0,1530
26,0.5,R2,K,0.002066397292879579,6.626863477516971e-6,311.82131635731844,0,1530
26,0.5,R2,O2_0,7.879444593700716,0.00256678681154763,3069.76978308138,0,1530
26,0.5,R3,r,9.705448668322319e-4,4.007033314603718e-5,24.22103313429066,2.5330045163103128e-95,724
26,0.5,R3,K,0.0011326826449767917,1.844791599563695e-5,61.39894854490222,8.270640712480317e-289,724
26,0.5,R3,O2_0,7.947288715595296,0.003509317139690703,2264.62539555366,0,724
26,1,R1,r,4.897191177961494e-4,4.1459765782074716e-6,118.11912309641683,0,1579
26,1,R1,K,0.0015731897455498523,5.82650137015931e-6,270.0058998710641,0,1579
26,1,R1,O2_0,8.161056404078325,0.0024668827857909923,3308.246525163346,0,1579
26,1,R2,r,5.412828308222776e-4,4.805544278392098e-6,112.6371539756964,0,1428
26,1,R2,K,0.0016575293928888638,6.434891255541126e-6,257.58467813446805,0,1428
26,1,R2,O2_0,7.6505775860372855,0.002463719975838909,3105.2951070188997,0,1428
26,1,R3,r,4.913545816941984e-4,4.17327559288284e-6,117.738349830565,0,1515
26,1,R3,K,0.0017333215679957833,6.180172902102243e-6,280.46489887138563,0,1515
26,1,R3,O2_0,7.8935843562918535,0.0024896866746911108,3170.5131559460956,0,1515
26,2,R1,r,3.2950680241256865e-4,1.8988859556416348e-6,173.526378155358,0,2429
26,2,R1,K,0.0011405624041138439,2.984960228527201e-6,382.1030488826998,0,2429
26,2,R1,O2_0,8.346379720508,0.001959445118257662,4259.562894994272,0,2429
26,2,R2,r,3.728802704077642e-4,1.5238133422766181e-6,244.70206426377067,0,2729
26,2,R2,K,9.395219855642225e-4,2.269297321794731e-6,414.01449538625366,0,2729
26,2,R2,O2_0,7.915341914749775,0.0017843484764791403,4435.984348958705,0,2729
26,2,R3,r,3.6264932759229275e-4,5.10274912111265e-6,71.0694018037903,0,1376
26,2,R3,K,0.0020648020180650925,7.951392857377535e-6,259.6780281267714,0,1376
26,2,R3,O2_0,7.584049854479926,0.00271310577827791,2795.3388014579186,0,1376
26,4,R1,r,3.521205183081932e-4,1.2192323507197408e-6,288.80509781448006,0,3020
26,4,R1,K,8.883742920326089e-4,1.9090814056420178e-6,465.34123134149513,0,3020
26,4,R1,O2_0,8.437053352199296,0.0016841455120224522,5009.693813254551,0,3020
26,4,R2,r,3.8296341906326954e-4,1.2844007966146343e-6,298.16504324247325,0,3018
26,4,R2,K,8.037375038360674e-4,1.8358075956733435e-6,437.8114055799349,0,3018
26,4,R2,O2_0,8.012571113595383,0.0016642989150851282,4814.382224833418,0,3018
26,4,R3,r,4.8275818454705143e-4,2.1119040550238716e-6,228.58907032194446,0,2515
26,4,R3,K,7.39599033375049e-4,2.3286161362850115e-6,317.6131187319599,0,2515
26,4,R3,O2_0,8.034636389952006,0.0017908850081048125,4486.40552218067,0,2515
26,Control,R1,r,0.001023477640734497,2.281540710241662e-6,448.59056695336795,0,2156
26,Control,R1,K,5.876813740432545e-4,1.876605144643484e-6,313.161975347191,0,2156
26,Control,R1,O2_0,7.939917236738989,0.0017126306336490255,4636.094368942684,0,2156
26,Control,R2,r,9.51414519701106e-4,2.8301409023378723e-6,336.1721386080737,0,2108
26,Control,R2,K,5.779472444576337e-4,2.2009787664858107e-6,262.5864698278813,0,2108
26,Control,R2,O2_0,8.0875889777032,0.0018323003502306841,4413.899160519717,0,2108
26,Control,R3,r,7.179799026388739e-4,4.12417747730004e-6,174.09044751122377,0,1488
26,Control,R3,K,0.0015016495394026257,5.381574270131115e-6,279.0353647513704,0,1488
26,Control,R3,O2_0,7.986346409426691,0.002342784784726268,3408.9116770321775,0,1488
27,0.06,R1,r,3.354316020537461e-4,3.158462317775543e-6,106.2009194049798,0,1641
27,0.06,R1,K,0.0020792223978839466,5.945605637503196e-6,349.7074183273779,0,1641
27,0.06,R1,O2_0,8.188993480548815,0.0024546440010061177,3336.122662672177,0,1641
27,0.06,R2,r,0.0014393432898376953,4.488148815596164e-5,32.06986552754281,2.9009289913929536e-142,744
27,0.06,R2,K,7.974845178544931e-4,1.555813131443078e-5,51.2583742698453,5.215353196052766e-246,744
27,0.06,R2,O2_0,7.273848441193566,0.0033894506625260254,2146.0257621135133,0,744
27,0.06,R3,r,8.017867077615855e-4,1.1018361915669429e-5,72.76823123964996,0,1362
27,0.06,R3,K,7.291348148175365e-4,6.405934675990385e-6,113.82176867184633,0,1362
27,0.06,R3,O2_0,7.792489197944314,0.0025708961036825916,3031.0401057367626,0,1362
27,0.12,R1,r,6.020421385760193e-4,2.0819417118823285e-6,289.173388063636,0,2305
27,0.12,R1,K,8.59572248067879e-4,2.487919538816064e-6,345.4984112858115,0,2305
27,0.12,R1,O2_0,7.467292635088199,0.0018506252638586156,4035.01064257528,0,2305
27,0.12,R2,r,6.932203167005174e-4,2.4817019334970877e-6,279.3326254630695,0,2257
27,0.12,R2,K,7.083724998372978e-4,2.4341622068710805e-6,291.01285766319313,0,2257
27,0.12,R2,O2_0,7.74957269903216,0.0018752916880105182,4132.462564932295,0,2257
27,0.12,R3,r,6.431027562700919e-4,1.6070769765443472e-6,400.1692300097148,0,2913
27,0.12,R3,K,4.755751605609704e-4,1.4048534004509907e-6,338.5229806955656,0,2913
27,0.12,R3,O2_0,7.973796916064485,0.0015455471787383687,5159.2064129504615,0,2913
27,0.25,R1,r,6.217283748621425e-4,7.2053071800946005e-6,86.28755989470245,0,1149
27,0.25,R1,K,0.002052029174044875,9.548928679022516e-6,214.89627192973572,0,1149
27,0.25,R1,O2_0,7.347697003736208,0.002892361877995488,2540.3795630263353,0,1149
27,0.25,R2,r,6.630990891462133e-4,1.2900568658634814e-5,51.400764314554245,1.7761924922747376e-308,1231
27,0.25,R2,K,8.915801562984878e-4,8.048567545650624e-6,110.77501073843754,0,1231
27,0.25,R2,O2_0,8.249099229017006,0.0026901373879326565,3066.423025835255,0,1231
27,0.25,R3,r,3.064015806590954e-4,1.4950819169300522e-5,20.49396606229105,2.0538293926226322e-80,1218
27,0.25,R3,K,0.0010105586881227506,9.945417973575182e-6,101.61047939943691,0,1218
27,0.25,R3,O2_0,7.935693932161193,0.0029005321378842096,2735.944149182873,0,1218
27,0.5,R1,r,5.194068966822753e-4,1.552569935969454e-6,334.5465377428862,0,2568
27,0.5,R1,K,9.05048100825968e-4,2.1648141786361637e-6,418.0719572874147,0,2568
27,0.5,R1,O2_0,7.753578062271628,0.001764049088708659,4395.330102716981,0,2568
27,0.5,R2,r,6.362001823452979e-4,1.588497944315407e-6,400.5042528522001,0,2736
27,0.5,R2,K,6.088228209059411e-4,1.649950552187774e-6,368.9945859884494,0,2736
27,0.5,R2,O2_0,8.222328313566495,0.0016315282119937222,5039.648259296011,0,2736
27,0.5,R3,r,5.25408989049585e-4,1.5360459245051373e-6,342.0529169522416,0,2690
27,0.5,R3,K,7.823825839706794e-4,1.9546533917436146e-6,400.2666596929334,0,2690
27,0.5,R3,O2_0,8.349449262621464,0.001710507993304851,4881.268778223946,0,2690
27,1,R1,r,7.96072878888033e-4,1.588845011838646e-5,50.10387249583269,1.9708487120568734e-299,1233
27,1,R1,K,6.739800850160716e-4,7.640719547001194e-6,88.20898095658978,0,1233
27,1,R1,O2_0,7.858083730765993,0.0026856117851130307,2925.9939110802147,0,1233
27,1,R3,r,5.292704679608403e-4,3.543092854758073e-5,14.9380919342849,3.0299341528736154e-45,903
27,1,R3,K,8.579150948937711e-4,1.501833052584733e-5,57.124531479531264,9.577265254952548e-302,903
27,1,R3,O2_0,8.116109664499213,0.0033431723673510963,2427.667129508452,0,903
27,2,R1,r,3.497374513269042e-4,2.4153088993553754e-6,144.80029921648782,0,2281
27,2,R1,K,0.0010689161317628223,3.34050584127781e-6,319.9863082274811,0,2281
27,2,R1,O2_0,7.990185736925301,0.002057665501158068,3883.131506276589,0,2281
27,2,R2,r,5.43276403810605e-4,1.9235430048752904e-6,282.4352782514615,0,2502
27,2,R2,K,7.725051342310405e-4,2.2360768695262488e-6,345.4734247998858,0,2502
27,2,R2,O2_0,8.273173242042258,0.0017894378636178787,4623.336417681242,0,2502
27,2,R3,r,7.598709708670278e-4,1.3975054276284236e-5,54.37338244592968,0,1188
27,2,R3,K,8.765662069733593e-4,8.350901814011304e-6,104.96665228450412,0,1188
27,2,R3,O2_0,7.756690736582843,0.002762840839459343,2807.505458077976,0,1188
27,4,R2,r,2.6431245546748285e-4,2.0862939856533597e-5,12.668993789229026,7.236550510112982e-34,868
27,4,R2,K,0.0017680468323092533,1.7009080322270166e-5,103.94723281977399,0,868
27,4,R2,O2_0,7.346539844875754,0.0033987300374160884,2161.5543935525457,0,868
27,4,R3,r,4.6279148518095476e-4,4.286202330235563e-5,10.79723842984147,3.0406953350152053e-25,702
27,4,R3,K,0.0013875874547735422,2.24368491610777e-5,61.84413171438787,6.976216768082907e-286,702
27,4,R3,O2_0,7.647438813068573,0.0037216179758964257,2054.8693774047388,0,702
27,Control,R1,r,6.393555581503698e-4,2.0493791327084752e-6,311.9752455493155,0,2359
27,Control,R1,K,7.844297184600108e-4,2.314105770806129e-6,338.97746955047404,0,2359
27,Control,R1,O2_0,8.121624145700034,0.0018300747082299217,4437.864809112302,0,2359
27,Control,R2,r,7.458873595611259e-4,2.122031180321843e-6,351.4968896206318,0,2242
27,Control,R2,K,7.619546567063854e-4,2.2464059118086375e-6,339.1883242031342,0,2242
27,Control,R2,O2_0,8.803009959680516,0.0017800463658736363,4945.382394778268,0,2242
27,Control,R3,r,6.82290021532657e-4,2.6532416939709206e-6,257.153361898034,0,2076
27,Control,R3,K,8.79080580362291e-4,2.92868814050131e-6,300.16189440088925,0,2076
27,Control,R3,O2_0,7.568914193265466,0.0019798718608672445,3822.931343622435,0,2076
28,0.06,R1,r,9.963297169678465e-5,1.85855215071258e-5,5.360784288919995,1.0073155481809678e-7,1113
28,0.06,R1,K,0.0011728423565341756,1.2702841803343117e-5,92.32913191326278,0,1113
28,0.06,R1,O2_0,7.493390390127664,0.003152416172307235,2377.0308171726247,0,1113
28,0.06,R2,r,0.0011303205029649852,1.709897351354091e-5,66.10458236395705,0,1356
28,0.06,R2,K,3.7181684894697947e-4,5.27348351886077e-6,70.5068760748309,0,1356
28,0.06,R2,O2_0,6.582689804918305,0.002416268501014285,2724.320497558557,0,1356
28,0.06,R3,r,6.389093491911612e-4,1.7175206968021321e-6,371.99513832977533,0,2628
28,0.06,R3,K,6.483638798519653e-4,1.8145909991275382e-6,357.3057951702069,0,2628
28,0.06,R3,O2_0,7.604686007102589,0.0016891219693732724,4502.153275482062,0,2628
28,0.12,R1,r,5.308635886631186e-4,1.8072561907463264e-6,293.74008587232595,0,2504
28,0.12,R1,K,8.324902360839249e-4,2.259130076199628e-6,368.5003554484846,0,2504
28,0.12,R1,O2_0,7.587053128363773,0.0017924860620785387,4232.698534663051,0,2504
28,0.12,R2,r,6.884385936032138e-4,1.9526057409731026e-6,352.57429554628004,0,2436
28,0.12,R2,K,6.946443889853619e-4,2.0483821944358206e-6,339.1185448068619,0,2436
28,0.12,R2,O2_0,7.646772991590822,0.0017662972694177724,4329.267289255019,0,2436
28,0.12,R3,r,0.0010838993104312063,6.475436103502457e-5,16.73863031163172,2.786057908770307e-53,714
28,0.12,R3,K,7.136864136763928e-4,1.867228795686251e-5,38.2216906318701,1.1438260628976719e-174,714
28,0.12,R3,O2_0,7.6982085644802245,0.003575765675156479,2152.883959361611,0,714
28,0.25,R1,r,0.0011893113844790868,8.609338998587414e-5,13.814200888990714,2.4514815341199674e-38,666
28,0.25,R1,K,6.655702322278291e-4,2.1639263704999857e-5,30.757526748659465,7.889203034458944e-130,666
28,0.25,R1,O2_0,8.016727501177044,0.0038858661530385336,2063.0477699054054,0,666
28,0.25,R2,r,5.332753459450081e-4,8.168887975505152e-6,65.28126564399743,0,1578
28,0.25,R2,K,7.782883206921908e-4,5.718502315790626e-6,136.10002719472303,0,1578
28,0.25,R2,O2_0,7.975198466157301,0.0024681873173206807,3231.196599298107,0,1578
28,0.25,R3,r,6.911408385342891e-4,1.812571063712741e-6,381.30413332242307,0,2486
28,0.25,R3,K,6.908121046163754e-4,1.937092686314814e-6,356.6231546362389,0,2486
28,0.25,R3,O2_0,7.774560408337595,0.0017276789450933285,4500.002984013686,0,2486
28,0.5,R1,r,5.198526019487805e-4,1.5804378220772968e-6,328.9294869351433,0,2665
28,0.5,R1,K,7.86546247955564e-4,1.9975938785034156e-6,393.7468253280989,0,2665
28,0.5,R1,O2_0,7.799208042823558,0.001716707070991876,4543.1210569415,0,2665
28,0.5,R2,r,6.625850647098452e-4,3.7272360553909874e-5,17.776847370627294,9.63464500038806e-61,893
28,0.5,R2,K,7.900239091455024e-4,1.4577463644190504e-5,54.19488111433894,2.7320212861898675e-284,893
28,0.5,R2,O2_0,7.548725219018623,0.0033135723364764373,2278.122959900653,0,893
28,0.5,R3,r,4.912993095653166e-4,3.7308013207033526e-5,13.168734202996742,2.3634068524801734e-35,666
28,0.5,R3,K,0.001887821822703168,2.521471992851259e-5,74.86983111672143,0,666
28,0.5,R3,O2_0,6.175207547907295,0.003970441332108382,1555.2949990645343,0,666
28,1,R1,r,0.0017666215562082688,7.39195761353198e-5,23.899238179805423,9.071543978609029e-92,672
28,1,R1,K,5.987219594534221e-4,1.7586933366734427e-5,34.043567856230176,3.045971554685743e-148,672
28,1,R1,O2_0,8.005840074074158,0.0035850872491401823,2233.094906126542,0,672
28,1,R2,r,5.133306567550754e-4,1.966856956458678e-5,26.09903354025939,1.2103641251869648e-117,1120
28,1,R2,K,8.743008774475746e-4,1.0656255807826792e-5,82.04578542544176,0,1120
28,1,R2,O2_0,7.947359487302698,0.003023555133641856,2628.481749472895,0,1120
28,1,R3,r,4.7777677506518186e-4,1.4834329341498506e-6,322.0750760390754,0,2874
28,1,R3,K,7.240663085309627e-4,1.8591487041176725e-6,389.4612125040288,0,2874
28,1,R3,O2_0,7.861438395858223,0.0017164041936209027,4580.178972456272,0,2874
28,2,R1,r,4.557538581143471e-4,1.4058320897130709e-6,324.1879748294592,0,2800
28,2,R1,K,8.449386467324367e-4,1.983883795876596e-6,425.90127934337676,0,2800
28,2,R1,O2_0,8.168769871040377,0.0017313630259807211,4718.115004456227,0,2800
28,2,R2,r,2.9479261956926627e-4,1.534487114226283e-6,192.11149890815875,0,2689
28,2,R2,K,0.0011099461862576052,2.596441799288251e-6,427.4874124125828,0,2689
28,2,R2,O2_0,7.9227264933215045,0.0018826321392052176,4208.324254289108,0,2689
28,2,R3,r,3.827362481230183e-4,1.3991642211773441e-6,273.5463373991654,0,2840
28,2,R3,K,9.20068063009514e-4,2.139008377385001e-6,430.13766226307325,0,2840
28,2,R3,O2_0,8.118272750751022,0.0017871589723890088,4542.557699776876,0,2840
28,4,R1,r,3.0348240579225445e-4,1.1330685189072955e-6,267.8411770586705,0,3094
28,4,R1,K,9.598601552936908e-4,1.938202811262125e-6,495.2320519381798,0,3094
28,4,R1,O2_0,8.115288899745897,0.0016878921092523362,4807.94291013104,0,3094
28,4,R2,r,2.3236325956228673e-4,9.64042917970801e-7,241.02999485892659,0,3201
28,4,R2,K,0.0011116371564964425,1.9342589084308483e-6,574.709596347807,0,3201
28,4,R2,O2_0,8.1446533714308,0.0016460416916874786,4948.023742388394,0,3201
28,4,R3,r,3.0743021370231006e-4,1.2263854117387738e-6,250.67993369754322,0,2910
28,4,R3,K,0.001043892610296731,2.1356066147441417e-6,488.8037914331874,0,2910
28,4,R3,O2_0,8.280018435376627,0.0017264540073986918,4795.968151999843,0,2910
28,Control,R1,r,5.588138919204865e-4,1.8555149963338606e-6,301.1637701794892,0,2352
28,Control,R1,K,9.319230648302775e-4,2.4352769404282404e-6,382.67642146128975,0,2352
28,Control,R1,O2_0,7.7155493127885535,0.0018065473623724419,4270.881280774248,0,2352
28,Control,R2,r,6.202131777422137e-4,1.8791525450223706e-6,330.04940412372446,0,2397
28,Control,R2,K,8.367182876713994e-4,2.295035003154937e-6,364.5775713752427,0,2397
28,Control,R2,O2_0,8.16907503374708,0.001831601998342106,4460.071042257763,0,2397
28,Control,R3,r,5.960243464692456e-4,1.7504414112620525e-6,340.4994549572027,0,2534
28,Control,R3,K,7.566445019545258e-4,2.048364292063338e-6,369.38961730891634,0,2534
28,Control,R3,O2_0,7.648940361651982,0.001741232100084602,4392.832156770105,0,2534
