zt_gene,sc_gene
Mycgr3G98177,YHR165C
Mycgr3G70199,YNR016C
Mycgr3G110982,YDL171C
Mycgr3G101655,YLR342W
Mycgr3G110798,YJL130C
Mycgr3G61343,YHR099W
Mycgr3G108403,YPL231W
Mycgr3G69244,YKL182W
Mycgr3G67795,YKL203C
Mycgr3G91809,YLR106C
Mycgr3G76789,YNL262W
Mycgr3G87640,YKR054C
Mycgr3G68519,YGR271W
Mycgr3G108516,YLL040C
Mycgr3G110138,YGL206C
Mycgr3G73616,YBR218C
Mycgr3G99873,YDL140C
Mycgr3G71536,YER172C
Mycgr3G99853,YOR151C
Mycgr3G109611,YJR109C
Mycgr3G107186,YPL082C
Mycgr3G73209,YGL195W
Mycgr3G84794,YOR207C
Mycgr3G73114,YKL215C
Mycgr3G61816,YGR061C
Mycgr3G73125,YPR010C
Mycgr3G71826,YER166W
Mycgr3G99706,YAL026C
Mycgr3G74994,YDR135C
Mycgr3G74222,YPR184W
Mycgr3G65516,YDR127W
Mycgr3G55760,YDR385W
Mycgr3G83445,YOR116C
Mycgr3G99732,YIL125W
Mycgr3G50464,YOR153W
Mycgr3G101482,YEL031W
Mycgr3G108146,YNL014W
Mycgr3G40326,YMR109W
Mycgr3G19934,YOR326W
Mycgr3G94196,YOR341W
Mycgr3G110909,YJR137C
Mycgr3G32217,YBL076C
Mycgr3G95557,YKL210W
Mycgr3G72396,YNL132W
Mycgr3G101786,YER070W
Mycgr3G111559,YJL050W
Mycgr3G55128,YDL126C
Mycgr3G98287,YNL088W
Mycgr3G52059,YBR084W
Mycgr3G111551,YGR218W
Mycgr3G35747,YDL102W
Mycgr3G100210,YOR335C
Mycgr3G106055,YLR304C
Mycgr3G71789,YMR196W
Mycgr3G74996,YLL048C
Mycgr3G43883,YER171W
Mycgr3G98585,YPL160W
Mycgr3G100193,YGR094W
Mycgr3G76357,YDR170C
Mycgr3G101387,YPR160W
Mycgr3G100232,YBR023C
Mycgr3G46026,YOR291W
Mycgr3G86264,YBL022C
Mycgr3G99148,YBR115C
Mycgr3G69333,YMR189W
Mycgr3G76171,YIL048W
Mycgr3G77175,YER125W
Mycgr3G98268,YOR304W
Mycgr3G67423,YOL021C
Mycgr3G71784,YPL226W
Mycgr3G53658,YKL148C
Mycgr3G77946,YPL167C
Mycgr3G99415,YLR398C
Mycgr3G105895,YAL005C
Mycgr3G100176,YDR038C
Mycgr3G74992,YIL126W
Mycgr3G71756,YLR069C
Mycgr3G99959,YMR186W
Mycgr3G58445,YFR031C
Mycgr3G73926,YKL157W
Mycgr3G94100,YBL023C
Mycgr3G88201,YJL200C
Mycgr3G86708,YLR305C
Mycgr3G68179,YOR330C
Mycgr3G98525,YGL022W
Mycgr3G44078,YNL123W
Mycgr3G109538,YGL009C
Mycgr3G101428,YPL217C
Mycgr3G47107,YIL129C
Mycgr3G67576,YER164W
Mycgr3G99627,YNL102W
Mycgr3G83835,YJL034W
Mycgr3G104628,YJR045C
Mycgr3G72449,YNL209W
Mycgr3G43403,YPR019W
Mycgr3G106395,YER091C
Mycgr3G37885,YLR410W
Mycgr3G59890,YDL145C
Mycgr3G74660,YFR015C
Mycgr3G66729,YDR258C
Mycgr3G110076,YKL104C
Mycgr3G77882,YHR186C
Mycgr3G109520,YGL156W
Mycgr3G59333,YMR288W
Mycgr3G61567,YPL086C
Mycgr3G107618,YLR153C
Mycgr3G67108,YDR238C
Mycgr3G99211,YMR229C
Mycgr3G68779,YEL011W
Mycgr3G87035,YGL150C
Mycgr3G98500,YDR097C
Mycgr3G44387,YLR272C
Mycgr3G110466,YIL143C
Mycgr3G61825,YER036C
Mycgr3G47838,YGL201C
Mycgr3G102318,YPR074C
Mycgr3G40769,YDR291W
Mycgr3G107730,YLL001W
Mycgr3G74015,YBR202W
Mycgr3G75505,YGL120C
Mycgr3G86784,YMR120C
Mycgr3G94297,YGR281W
Mycgr3G104147,YER069W
Mycgr3G84945,YML059C
Mycgr3G68874,YNL163C
Mycgr3G109186,YPL006W
Mycgr3G100515,YGL167C
Mycgr3G71411,YBR127C
Mycgr3G61736,YKR001C
Mycgr3G92705,YBR118W
Mycgr3G53684,YML035C
Mycgr3G102837,YBL099W
Mycgr3G43561,YGL163C
Mycgr3G59052,YGL008C
Mycgr3G65376,YDR001C
Mycgr3G9953,YMR162C
Mycgr3G46995,YLR274W
Mycgr3G72868,YDR129C
Mycgr3G100894,YCR057C
Mycgr3G67008,YFR009W
Mycgr3G84968,YMR108W
Mycgr3G65859,YCR011C
Mycgr3G64280,YPR181C
Mycgr3G72798,YOL090W
Mycgr3G77121,YCR017C
Mycgr3G59551,YBR196C
Mycgr3G73150,YDL215C
Mycgr3G74170,YHR074W
Mycgr3G99393,YGR240C
Mycgr3G68535,YDR234W
Mycgr3G43197,YBL004W
Mycgr3G100284,YBR038W
Mycgr3G69748,YOR270C
Mycgr3G32076,YGR217W
Mycgr3G72489,YKR009C
Mycgr3G75170,YLR259C
Mycgr3G55505,YAL035W
Mycgr3G70620,YJL014W
Mycgr3G98572,YPL012W
Mycgr3G77269,YPR145W
Mycgr3G48745,YEL032W
Mycgr3G62652,YHR027C
Mycgr3G87605,YBL105C
Mycgr3G100129,YKR097W
Mycgr3G100344,YKL165C
Mycgr3G103505,YJR121W
Mycgr3G108223,YAL023C
Mycgr3G65342,YMR290C
Mycgr3G99408,YJR016C
Mycgr3G31987,YDR091C
Mycgr3G110785,YDR212W
Mycgr3G74120,YIL142W
Mycgr3G46697,YDL185W
Mycgr3G49054,YGL006W
Mycgr3G63851,YJL111W
Mycgr3G10100,YJR035W
Mycgr3G109986,YHR183W
Mycgr3G99834,YJR064W
Mycgr3G102950,YFL037W
Mycgr3G77226,YGR264C
Mycgr3G10766,YMR089C
Mycgr3G110080,YER025W
Mycgr3G86671,YBR080C
Mycgr3G105948,YFL039C
Mycgr3G98798,YJR143C
Mycgr3G75509,YMR217W
Mycgr3G72348,YPL093W
Mycgr3G76039,YML085C
Mycgr3G98370,YDR457W
Mycgr3G20064,YLR189C
Mycgr3G101405,YBL015W
Mycgr3G86672,YBR126C
Mycgr3G100306,YOL006C
Mycgr3G70608,YCL030C
Mycgr3G73357,YJL012C
Mycgr3G99481,YHR023W
Mycgr3G101791,YLR384C
Mycgr3G107551,YER043C
Mycgr3G43300,YMR301C
Mycgr3G95233,YBR121C
Mycgr3G53126,YKL145W
Mycgr3G64524,YGL207W
Mycgr3G69768,YBL039C
Mycgr3G54508,YMR049C
Mycgr3G98274,YNL192W
Mycgr3G70993,YHL016C
Mycgr3G86368,YIL109C
Mycgr3G65665,YKR031C
Mycgr3G64888,YML075C
Mycgr3G68390,YOR356W
Mycgr3G82700,YLR058C
Mycgr3G106783,YML056C
Mycgr3G35719,YGL238W
Mycgr3G87289,YBR114W
Mycgr3G74214,YOR109W
Mycgr3G66188,YDL143W
Mycgr3G77111,YDR188W
Mycgr3G109721,YDR074W
Mycgr3G110531,YLR389C
Mycgr3G43769,YBR248C
Mycgr3G54663,YMR105C
Mycgr3G47228,YNL325C
Mycgr3G49733,YLR086W
Mycgr3G103124,YNR001C
Mycgr3G102581,YGL026C
Mycgr3G51289,YNL287W
Mycgr3G64960,YKL035W
Mycgr3G109501,YGL137W
Mycgr3G57630,YAL038W
Mycgr3G107385,YDR293C
Mycgr3G76076,YLR419W
Mycgr3G70677,YNL117W
Mycgr3G101609,YDL160C
Mycgr3G73721,YDR430C
Mycgr3G99817,YGR270W
Mycgr3G69029,YMR128W
Mycgr3G68243,YNL104C
Mycgr3G74715,YLR175W
Mycgr3G110829,YPL110C
Mycgr3G102083,YER065C
Mycgr3G99865,YLR060W
Mycgr3G58493,YOL004W
Mycgr3G110230,YDL131W
Mycgr3G100165,YPL262W
Mycgr3G109091,YDR037W
Mycgr3G74623,YBR229C
Mycgr3G68553,YPL235W
Mycgr3G110450,YGL245W
Mycgr3G74131,YHL030W
Mycgr3G109648,YGL125W
Mycgr3G105188,YGR254W
Mycgr3G67552,YCL017C
Mycgr3G41426,YLR430W
Mycgr3G55400,YOR117W
Mycgr3G61250,YDL007W
Mycgr3G69561,YJL074C
Mycgr3G74444,YGL236C
Mycgr3G106070,YIL078W
Mycgr3G63336,YBR169C
Mycgr3G86257,YOR317W
Mycgr3G71923,YNR053C
Mycgr3G61664,YBR143C
Mycgr3G66199,YBL017C
Mycgr3G64379,YOR375C
Mycgr3G71423,YNR013C
Mycgr3G36977,YNL112W
Mycgr3G108367,YAR042W
Mycgr3G75563,YDL031W
Mycgr3G101180,YJL033W
Mycgr3G74344,YDL178W
Mycgr3G66981,YHR028C
Mycgr3G105795,YJR065C
Mycgr3G107178,YDL029W
Mycgr3G64615,YDL095W
Mycgr3G70171,YJL008C
Mycgr3G99279,YDR062W
Mycgr3G71948,YIL075C
Mycgr3G102848,YOR063W
Mycgr3G47599,YFL036W
Mycgr3G67344,YNR031C
Mycgr3G51809,YNL330C
Mycgr3G57670,YDR172W
Mycgr3G98372,YDR190C
Mycgr3G66305,YFR030W
Mycgr3G103135,YMR297W
Mycgr3G70685,YER086W
Mycgr3G73364,YFL018C
Mycgr3G108775,YPR024W
Mycgr3G69066,YLR347C
Mycgr3G99610,YGL048C
Mycgr3G100967,YML057W
Mycgr3G76502,YLR113W
Mycgr3G59773,YDR502C
Mycgr3G87701,YCL054W
Mycgr3G56270,YHR205W
Mycgr3G68887,YOR187W
Mycgr3G110629,YHR072W
Mycgr3G107344,YLR378C
Mycgr3G104368,YDL084W
Mycgr3G65824,YER133W
Mycgr3G76782,YDR394W
Mycgr3G31749,YDL164C
Mycgr3G101590,YML123C
Mycgr3G72901,YBR263W
Mycgr3G39514,YBR136W
Mycgr3G38162,YDR341C
Mycgr3G108769,YGL251C
Mycgr3G74360,YNL061W
Mycgr3G100879,YNL241C
Mycgr3G108040,YMR058W
Mycgr3G105534,YOR014W
Mycgr3G96640,YMR308C
Mycgr3G105791,YER073W
Mycgr3G41853,YKR086W
Mycgr3G87460,YHR020W
Mycgr3G76672,YPR173C
Mycgr3G105609,YIL074C
Mycgr3G71330,YAL048C
Mycgr3G98270,YDL066W
Mycgr3G107212,YPL040C
Mycgr3G67317,YHR037W
Mycgr3G69847,YPL265W
Mycgr3G55193,YLR277C
Mycgr3G71795,YER090W
Mycgr3G84010,YLL034C
Mycgr3G32502,YOR217W
Mycgr3G110506,YMR304W
Mycgr3G61156,YDR023W
Mycgr3G86730,YKR039W
Mycgr3G68561,YLR303W
Mycgr3G89011,YGR116W
Mycgr3G20234,YGR100W
Mycgr3G59247,YCL057W
Mycgr3G68510,YOL058W
Mycgr3G102127,YLR355C
Mycgr3G109954,YHR019C
Mycgr3G20718,YOR211C
Mycgr3G50963,YNL243W
Mycgr3G70055,YNL321W
Mycgr3G11076,YPL207W
Mycgr3G108173,YLR138W
Mycgr3G67389,YGL190C
Mycgr3G105601,YDR232W
Mycgr3G103679,YLR359W
Mycgr3G100586,YFR053C
Mycgr3G75629,YMR167W
Mycgr3G107086,YAL036C
Mycgr3G100728,YOR204W
Mycgr3G96077,YOR093C
Mycgr3G66700,YOL057W
Mycgr3G90353,YCR093W
Mycgr3G75941,YHR170W
Mycgr3G48576,YFL055W
Mycgr3G97582,YBR295W
Mycgr3G57099,YLR371W
Mycgr3G77007,YLR197W
Mycgr3G54740,YML126C
Mycgr3G107427,YJL153C
Mycgr3G75805,YHR042W
Mycgr3G102306,YPR002W
Mycgr3G70532,YPL270W
Mycgr3G42896,YIL166C
Mycgr3G54449,YDL168W
Mycgr3G76205,YOR168W
Mycgr3G65403,YDR270W
Mycgr3G41538,YNL045W
Mycgr3G65568,YFR044C
Mycgr3G111224,YIR007W
Mycgr3G69281,YDR109C
Mycgr3G107052,YJL155C
Mycgr3G55438,YMR015C
Mycgr3G83726,YPR006C
Mycgr3G100095,YMR300C
Mycgr3G110462,YNR050C
Mycgr3G101803,YHR018C
Mycgr3G67924,YJL141C
Mycgr3G71181,YDR334W
Mycgr3G71451,YHR039C
Mycgr3G45998,YKL029C
Mycgr3G73536,YLR083C
Mycgr3G73173,YLR386W
Mycgr3G52472,YML016C
Mycgr3G102990,YCR012W
Mycgr3G36524,YGR019W
Mycgr3G111611,YJR010W
Mycgr3G66166,YBR006W
Mycgr3G48347,YPR159W
Mycgr3G95274,YDR456W
Mycgr3G74458,YNL247W
Mycgr3G84836,YLR032W
Mycgr3G110366,YLL029W
Mycgr3G70260,YLR240W
Mycgr3G71866,YLR234W
Mycgr3G65952,YKL211C
Mycgr3G48810,YGL027C
Mycgr3G86659,YJL005W
Mycgr3G66686,YER013W
Mycgr3G64956,YOR086C
Mycgr3G75758,YCR053W
Mycgr3G75203,YPL023C
Mycgr3G20359,YGR125W
Mycgr3G76506,YAR035W
Mycgr3G106893,YOR310C
Mycgr3G93058,YPR111W
Mycgr3G74526,YDR021W
Mycgr3G10819,YNL238W
Mycgr3G73528,YNR008W
Mycgr3G102064,YPR035W
Mycgr3G99715,YNL267W
Mycgr3G92510,YLR089C
Mycgr3G43399,YNR055C
Mycgr3G100746,YOR259C
Mycgr3G71522,YER136W
Mycgr3G76921,YMR129W
Mycgr3G67005,YBR025C
Mycgr3G52041,YFL022C
Mycgr3G56782,YOR303W
Mycgr3G56686,YLR429W
Mycgr3G102121,YHR030C
Mycgr3G67892,YML054C
Mycgr3G99725,YPL203W
Mycgr3G102770,YNL161W
Mycgr3G70309,YCR032W
Mycgr3G98609,YGR210C
Mycgr3G32817,YDL060W
Mycgr3G47614,YMR266W
Mycgr3G106219,YMR307W
Mycgr3G110972,YJL026W
Mycgr3G50100,YGL084C
Mycgr3G99975,YER110C
Mycgr3G100203,YNL268W
Mycgr3G75124,YPR088C
Mycgr3G55066,YGR200C
Mycgr3G98948,YJL154C
Mycgr3G20279,YFL034W
Mycgr3G104895,YPL154C
Mycgr3G93933,YKR093W
Mycgr3G42292,YBR296C
Mycgr3G109857,YKL135C
Mycgr3G73277,YOR128C
Mycgr3G68180,YKL060C
Mycgr3G74043,YLR438W
Mycgr3G107391,YMR008C
Mycgr3G72258,YAL019W
Mycgr3G61522,YKR050W
Mycgr3G70215,YER178W
Mycgr3G40027,YPR033C
Mycgr3G10632,YBR073W
Mycgr3G56466,YER165W
Mycgr3G60951,YHR113W
Mycgr3G101229,YDL188C
Mycgr3G41772,YPL022W
Mycgr3G73558,YGL078C
Mycgr3G77377,YIL155C
Mycgr3G10422,YDR060W
Mycgr3G86313,YKL126W
Mycgr3G73144,YGR121C
Mycgr3G86218,YBR294W
Mycgr3G49536,YMR190C
Mycgr3G34547,YDR294C
Mycgr3G33139,YIR028W
Mycgr3G74327,YOR378W
Mycgr3G109593,YBR170C
Mycgr3G110231,YHR007C
Mycgr3G69454,YPL184C
Mycgr3G74700,YGL099W
Mycgr3G77396,YNL154C
Mycgr3G105844,YNL331C
Mycgr3G101785,YGL148W
Mycgr3G75360,YBR097W
Mycgr3G32139,YAL012W
Mycgr3G85661,YHL007C
Mycgr3G101572,YJL212C
Mycgr3G86617,YPL008W
Mycgr3G107244,YFL033C
Mycgr3G71233,YOL060C
Mycgr3G45397,YMR261C
Mycgr3G85387,YGR088W
Mycgr3G110775,YOR244W
Mycgr3G70243,YNR067C
Mycgr3G88424,YGL012W
Mycgr3G80591,YGL055W
Mycgr3G45983,YGR173W
Mycgr3G68159,YPR117W
Mycgr3G109428,YKL209C
Mycgr3G106885,YNL250W
Mycgr3G111717,YOR196C
Mycgr3G48377,YFR038W
Mycgr3G75112,YPL259C
Mycgr3G101857,YPL204W
Mycgr3G32466,YGR287C
Mycgr3G108107,YBR166C
Mycgr3G69132,YLL031C
Mycgr3G65235,YDL174C
Mycgr3G77532,YGL040C
Mycgr3G65997,YBL030C
Mycgr3G106868,YPL147W
Mycgr3G51380,YOR348C
Mycgr3G74864,YHR025W
Mycgr3G98537,YNL329C
Mycgr3G56933,YGR244C
Mycgr3G109456,YJL060W
Mycgr3G67486,YJL087C
Mycgr3G56708,YBL011W
Mycgr3G75699,YEL036C
Mycgr3G68458,YPL109C
Mycgr3G98201,YDR477W
Mycgr3G100065,YDR047W
Mycgr3G108572,YDL055C
Mycgr3G75050,YER052C
Mycgr3G35079,YNL142W
Mycgr3G99289,YLL008W
Mycgr3G68415,YBR132C
Mycgr3G66559,YER082C
Mycgr3G85600,YPR112C
Mycgr3G75707,YMR224C
Mycgr3G33019,YAL053W
Mycgr3G62487,YNR047W
Mycgr3G70588,YLR163C
Mycgr3G75902,YDL047W
Mycgr3G74048,YOR361C
Mycgr3G67759,YNL059C
Mycgr3G49589,YKL134C
Mycgr3G73846,YHR194W
Mycgr3G73683,YDR035W
Mycgr3G65923,YOR046C
Mycgr3G62211,YOR099W
Mycgr3G40511,YGR252W
Mycgr3G22524,YHR024C
Mycgr3G44761,YOL098C
Mycgr3G74645,YNL220W
Mycgr3G47177,YJR040W
Mycgr3G62484,YGL091C
Mycgr3G45088,YLR241W
Mycgr3G69357,YBR221C
Mycgr3G87842,YIL107C
Mycgr3G69890,YNL277W
Mycgr3G45546,YDR536W
Mycgr3G103221,YCL018W
Mycgr3G99130,YBR249C
Mycgr3G96615,YDR141C
Mycgr3G100915,YGL119W
Mycgr3G66756,YLL028W
Mycgr3G75047,YDR283C
Mycgr3G66201,YDL240W
Mycgr3G107959,YFL004W
Mycgr3G84402,YHR065C
Mycgr3G40901,YGR145W
Mycgr3G70646,YMR250W
Mycgr3G101434,YOR136W
Mycgr3G45907,YHR068W
Mycgr3G110412,YKR038C
Mycgr3G77616,YDL190C
Mycgr3G84644,YMR216C
Mycgr3G57170,YLL039C
Mycgr3G77337,YBR222C
Mycgr3G107360,YPR069C
Mycgr3G66888,YHR208W
Mycgr3G90977,YPL175W
Mycgr3G104498,YPL028W
Mycgr3G75696,YEL022W
Mycgr3G77799,YBR286W
Mycgr3G101169,YNR032W
Mycgr3G85715,YIL094C
Mycgr3G100895,YHR107C
Mycgr3G76530,YOR388C
Mycgr3G99433,YOR067C
Mycgr3G92212,YLR276C
Mycgr3G68855,YLR087C
Mycgr3G105053,YNL037C
Mycgr3G99044,YGR192C
Mycgr3G70312,YEL060C
Mycgr3G33425,YDR481C
Mycgr3G106955,YGL114W
Mycgr3G76271,YOL094C
Mycgr3G109314,YHR120W
Mycgr3G48403,YNL082W
Mycgr3G102151,YDR189W
Mycgr3G100271,YLR027C
Mycgr3G100940,YGL095C
Mycgr3G71123,YER099C
Mycgr3G47042,YCR008W
Mycgr3G76950,YBL106C
Mycgr3G37223,YNL021W
Mycgr3G74261,YBR298C
Mycgr3G58320,YKL212W
Mycgr3G101477,YHL040C
Mycgr3G63707,YOL023W
Mycgr3G107974,YMR145C
Mycgr3G72064,YBR011C
Mycgr3G104260,YGR286C
Mycgr3G76083,YEL042W
Mycgr3G101446,YML042W
Mycgr3G100224,YOR160W
Mycgr3G88089,YER047C
Mycgr3G65848,YBL063W
Mycgr3G66970,YIL103W
Mycgr3G72460,YDL138W
Mycgr3G77395,YBL091C
Mycgr3G69117,YHR094C
Mycgr3G54914,YMR241W
Mycgr3G34379,YKL017C
Mycgr3G108985,YBR281C
Mycgr3G50542,YPR194C
Mycgr3G44908,YFL003C
Mycgr3G61786,YJL167W
Mycgr3G44026,YIR027C
Mycgr3G70653,YML069W
Mycgr3G41278,YIR002C
Mycgr3G101275,YBR019C
Mycgr3G72031,YOR061W
Mycgr3G100974,YDR012W
Mycgr3G65482,YOL097C
Mycgr3G45599,YCR092C
Mycgr3G73071,YBL016W
Mycgr3G74750,YFR031C-A
Mycgr3G84779,YOR165W
Mycgr3G76425,YML070W
Mycgr3G93412,YLR129W
Mycgr3G99387,YLR409C
Mycgr3G83356,YGL216W
Mycgr3G69657,YOL122C
Mycgr3G107419,YMR080C
Mycgr3G71911,YLR244C
Mycgr3G71045,YBR160W
Mycgr3G110933,YPR003C
Mycgr3G98499,YOR241W
Mycgr3G40465,YLR134W
Mycgr3G76524,YDL132W
Mycgr3G53676,YLL018C
Mycgr3G51270,YBR220C
Mycgr3G107644,YJL101C
Mycgr3G90616,YGR245C
Mycgr3G76044,YDL234C
Mycgr3G109224,YGR258C
Mycgr3G42345,YCR042C
Mycgr3G71900,YGR103W
Mycgr3G73576,YLL011W
Mycgr3G69399,YLR354C
Mycgr3G83907,YFR028C
Mycgr3G111215,YPR189W
Mycgr3G41117,YMR165C
Mycgr3G60912,YIR034C
Mycgr3G93043,YGL094C
Mycgr3G100550,YDL149W
Mycgr3G70113,YML008C
Mycgr3G104476,YGR155W
Mycgr3G105971,YKL085W
Mycgr3G71986,YJL094C
Mycgr3G77157,YNR043W
Mycgr3G45693,YCL004W
Mycgr3G101210,YMR083W
Mycgr3G92934,YHR169W
Mycgr3G100123,YPL031C
Mycgr3G76218,YFL025C
Mycgr3G86654,YMR278W
Mycgr3G87913,YJR130C
Mycgr3G106489,YHR203C
Mycgr3G75420,YKR024C
Mycgr3G77495,YLR253W
Mycgr3G98612,YKL188C
Mycgr3G67073,YBL008W
Mycgr3G100434,YHR171W
Mycgr3G65640,YLR401C
Mycgr3G83965,YKL010C
Mycgr3G76553,YDR105C
Mycgr3G111309,YDR148C
Mycgr3G108472,YOR176W
Mycgr3G107400,YPR029C
Mycgr3G76604,YOR087W
Mycgr3G101366,YKR002W
Mycgr3G109531,YCL059C
Mycgr3G66064,YBR041W
Mycgr3G72515,YDR300C
Mycgr3G66469,YPR047W
Mycgr3G68512,YBR034C
Mycgr3G105957,YNL071W
Mycgr3G87000,YGL234W
Mycgr3G44913,YKL184W
Mycgr3G103034,YEL058W
Mycgr3G100330,YBL079W
Mycgr3G71838,YER078C
Mycgr3G37615,YLR005W
Mycgr3G73390,YGR231C
Mycgr3G100567,YKL113C
Mycgr3G74210,YJR117W
Mycgr3G33593,YDR122W
Mycgr3G21233,YKL146W
Mycgr3G109907,YAR007C
Mycgr3G104491,YDR353W
Mycgr3G45066,YJR131W
Mycgr3G102189,YLR289W
Mycgr3G34542,YOR191W
Mycgr3G32193,YGL194C
Mycgr3G63549,YIL108W
Mycgr3G51814,YFR004W
Mycgr3G73499,YPL266W
Mycgr3G75314,YDR075W
Mycgr3G64910,YMR221C
Mycgr3G72281,YBR018C
Mycgr3G67763,YDR375C
Mycgr3G105999,YDL198C
Mycgr3G62823,YLR314C
Mycgr3G101353,YJR007W
Mycgr3G72420,YBR243C
Mycgr3G30209,YDR331W
Mycgr3G42194,YGR266W
Mycgr3G98343,YLR293C
Mycgr3G102341,YOL030W
Mycgr3G70984,YOR206W
Mycgr3G75665,YGR157W
Mycgr3G59611,YNL212W
Mycgr3G72994,YGR185C
Mycgr3G101384,YMR302C
Mycgr3G74146,YLL041C
Mycgr3G68823,YDR044W
Mycgr3G111575,YCR002C
Mycgr3G43818,YPL009C
Mycgr3G86308,YOR074C
Mycgr3G100881,YMR139W
Mycgr3G107389,YER141W
Mycgr3G46530,YCR028C
Mycgr3G52269,YBL024W
Mycgr3G101162,YGR211W
Mycgr3G33937,YBR237W
Mycgr3G84117,YOL140W
Mycgr3G77678,YHR064C
Mycgr3G34014,YKL046C
Mycgr3G98719,YBR008C
Mycgr3G76503,YER020W
Mycgr3G68817,YOR261C
Mycgr3G106864,YDL103C
Mycgr3G10540,YDR208W
Mycgr3G98235,YHR073W
Mycgr3G100901,YMR062C
Mycgr3G15872,YGR086C
Mycgr3G53203,YOR002W
Mycgr3G32789,YGR274C
Mycgr3G110994,YBR029C
Mycgr3G68784,YPR016C
Mycgr3G68009,YGL115W
Mycgr3G37699,YDL128W
Mycgr3G44538,YKL197C
Mycgr3G64704,YDR158W
Mycgr3G109970,YPR103W
Mycgr3G111338,YOR197W
Mycgr3G85027,YHL032C
Mycgr3G85032,YJL102W
Mycgr3G71524,YJL172W
Mycgr3G10502,YPL195W
Mycgr3G20337,YGR090W
Mycgr3G101192,YER005W
Mycgr3G71742,YOR209C
Mycgr3G36271,YGR060W
Mycgr3G67239,YER003C
Mycgr3G70525,YBR208C
Mycgr3G68560,YER015W
Mycgr3G42849,YJR005W
Mycgr3G102365,YPL131W
Mycgr3G99193,YDL014W
Mycgr3G72623,YGR012W
Mycgr3G65322,YLR447C
Mycgr3G70216,YER053C
Mycgr3G69093,YMR272C
Mycgr3G63909,YIL147C
Mycgr3G108617,YKL140W
Mycgr3G74730,YOR142W
Mycgr3G76249,YJL128C
Mycgr3G105489,YOL130W
Mycgr3G77545,YDR497C
Mycgr3G53056,YGR194C
Mycgr3G74592,YOR175C
Mycgr3G41129,YBR142W
Mycgr3G74783,YGL225W
Mycgr3G107981,YDL036C
Mycgr3G101849,YKR069W
Mycgr3G102281,YMR121C
Mycgr3G68352,YBL088C
Mycgr3G104664,YLR340W
Mycgr3G39819,YHR048W
Mycgr3G108717,YMR309C
Mycgr3G65850,YHR190W
Mycgr3G64917,YKR003W
Mycgr3G70015,YBR020W
Mycgr3G100423,YBR058C
Mycgr3G34756,YOR222W
Mycgr3G64979,YLR248W
Mycgr3G98409,YGL003C
Mycgr3G65914,YPL042C
Mycgr3G108426,YDL238C
Mycgr3G76200,YKL217W
Mycgr3G109408,YLR195C
Mycgr3G41102,YFR019W
Mycgr3G76495,YLR114C
Mycgr3G56200,YOR155C
Mycgr3G77897,YDL147W
Mycgr3G100226,YEL020C
Mycgr3G66025,YGR132C
Mycgr3G56833,YHR104W
Mycgr3G76460,YGR253C
Mycgr3G70997,YJR159W
Mycgr3G60505,YFL047W
Mycgr3G102072,YDR099W
Mycgr3G20674,YJL168C
Mycgr3G66175,YGR170W
Mycgr3G48794,YER169W
Mycgr3G100072,YJR068W
Mycgr3G103866,YLR377C
Mycgr3G41275,YNL239W
Mycgr3G44262,YGR144W
Mycgr3G33485,YPL050C
Mycgr3G75274,YNR012W
Mycgr3G69570,YGL211W
Mycgr3G103255,YJR139C
Mycgr3G94266,YGR171C
Mycgr3G107825,YLR231C
Mycgr3G98828,YNL275W
Mycgr3G44796,YHR079C
Mycgr3G65087,YJR126C
Mycgr3G110945,YKL181W
Mycgr3G47262,YPL029W
Mycgr3G66573,YML092C
Mycgr3G46421,YKL022C
Mycgr3G110147,YDL022W
Mycgr3G75118,YKL103C
Mycgr3G60826,YDR243C
Mycgr3G67807,YDL141W
Mycgr3G57639,YPR021C
Mycgr3G101520,YOR157C
Mycgr3G103615,YJL208C
Mycgr3G108833,YDL001W
Mycgr3G74087,YNL218W
Mycgr3G50614,YNL006W
Mycgr3G67501,YNL288W
Mycgr3G69014,YIL085C
Mycgr3G87018,YFL059W
Mycgr3G99605,YER093C
Mycgr3G109629,YGL184C
Mycgr3G104882,YDR372C
Mycgr3G74826,YJR001W
Mycgr3G77474,YEL064C
Mycgr3G101271,YMR231W
Mycgr3G42977,YEL052W
Mycgr3G44229,YMR277W
Mycgr3G39163,YIL160C
Mycgr3G69654,YKL027W
Mycgr3G73550,YHR098C
Mycgr3G12465,YGL252C
Mycgr3G67551,YDR388W
Mycgr3G76112,YOR271C
Mycgr3G74348,YOL038W
Mycgr3G48593,YLR345W
Mycgr3G44260,YIR008C
Mycgr3G39937,YLR004C
Mycgr3G42499,YNL064C
Mycgr3G73716,YGL180W
Mycgr3G109523,YOL016C
Mycgr3G66057,YIL130W
Mycgr3G60824,YOR065W
Mycgr3G108197,YNL191W
Mycgr3G32960,YOR273C
Mycgr3G60015,YOR323C
Mycgr3G65330,YFL002C
Mycgr3G73579,YDL097C
Mycgr3G107760,YLR212C
Mycgr3G109769,YIR029W
Mycgr3G111499,YER107C
Mycgr3G104360,YGL123W
Mycgr3G76687,YOR001W
Mycgr3G103492,YJR077C
Mycgr3G49453,YLR186W
Mycgr3G107402,YBR079C
Mycgr3G74536,YOL049W
Mycgr3G42422,YNL178W
Mycgr3G65114,YMR146C
Mycgr3G99292,YNR033W
Mycgr3G68298,YJL109C
Mycgr3G107239,YER126C
Mycgr3G75925,YNL183C
Mycgr3G109419,YOL034W
Mycgr3G88889,YLR300W
Mycgr3G33011,YHR204W
Mycgr3G85700,YBR087W
Mycgr3G71222,YOL061W
Mycgr3G108818,YJL098W
Mycgr3G105557,YML063W
Mycgr3G71868,YML010W
Mycgr3G71375,YDR292C
Mycgr3G110081,YFL045C
Mycgr3G71733,YCL040W
Mycgr3G66671,YBL007C
Mycgr3G73426,YBR003W
Mycgr3G100367,YGL202W
Mycgr3G55916,YKL081W
Mycgr3G108597,YGR175C
Mycgr3G56573,YFL007W
Mycgr3G89224,YHR188C
Mycgr3G73860,YER055C
Mycgr3G72874,YOR070C
Mycgr3G87633,YHR002W
Mycgr3G39149,YER061C
Mycgr3G40742,YKL101W
Mycgr3G48728,YBR017C
Mycgr3G73310,YLR075W
Mycgr3G70713,YAL017W
Mycgr3G104090,YGL116W
Mycgr3G56657,YJR095W
Mycgr3G65750,YIL116W
Mycgr3G59096,YFR006W
Mycgr3G98194,YPL125W
Mycgr3G52902,YNL020C
Mycgr3G71192,YDL100C
Mycgr3G110326,YNL290W
Mycgr3G49696,YCR024C
Mycgr3G66489,YPR156C
Mycgr3G69980,YJL197W
Mycgr3G73621,YLR155C
Mycgr3G75806,YDR338C
Mycgr3G69290,YDR120C
Mycgr3G74372,YMR027W
Mycgr3G109040,YPL104W
Mycgr3G53455,YJL108C
Mycgr3G31414,YPL043W
Mycgr3G99340,YPL222W
Mycgr3G98880,YGL135W
Mycgr3G87034,YOL077C
Mycgr3G101073,YCR034W
Mycgr3G68319,YER145C
Mycgr3G34777,YOR233W
Mycgr3G50302,YOR090C
Mycgr3G95018,YOL145C
Mycgr3G104004,YGR135W
Mycgr3G102197,YGR214W
Mycgr3G108541,YER049W
Mycgr3G70159,YFR002W
Mycgr3G75105,YGL112C
Mycgr3G106278,YPL091W
Mycgr3G68931,YKL120W
Mycgr3G66273,YPL268W
Mycgr3G108627,YPR041W
Mycgr3G48763,YML080W
Mycgr3G74506,YLR056W
Mycgr3G73271,YKL064W
Mycgr3G67750,YER148W
Mycgr3G75543,YDR390C
Mycgr3G69330,YPR026W
Mycgr3G69324,YDR531W
Mycgr3G88242,YCL009C
Mycgr3G71332,YHR016C
Mycgr3G93945,YLR172C
Mycgr3G11322,YIL091C
Mycgr3G98587,YOR120W
Mycgr3G83423,YNL242W
Mycgr3G98253,YMR110C
Mycgr3G75460,YMR215W
Mycgr3G51218,YAR015W
Mycgr3G68643,YOR243C
Mycgr3G98423,YJR072C
Mycgr3G68344,YOR005C
Mycgr3G110811,YKR056W
Mycgr3G109462,YPR110C
Mycgr3G99553,YLR229C
Mycgr3G50149,YLR237W
Mycgr3G75204,YIL003W
Mycgr3G55692,YDR226W
Mycgr3G65163,YDR490C
Mycgr3G86562,YHR111W
Mycgr3G101587,YCL043C
Mycgr3G103683,YLL045C
Mycgr3G66507,YJR049C
Mycgr3G66160,YLR130C
Mycgr3G77089,YHR108W
Mycgr3G12986,YDR448W
Mycgr3G99758,YJR076C
Mycgr3G104155,YBR181C
Mycgr3G101413,YGR123C
Mycgr3G25122,YPL150W
Mycgr3G71299,YOR231W
Mycgr3G48316,YDR332W
Mycgr3G66663,YNL075W
Mycgr3G72043,YBR159W
Mycgr3G34912,YDL154W
Mycgr3G74097,YPR176C
Mycgr3G95660,YKR076W
Mycgr3G53366,YEL050C
Mycgr3G77102,YMR079W
Mycgr3G101664,YFR047C
Mycgr3G36264,YNL169C
Mycgr3G75991,YJL100W
Mycgr3G99268,YMR131C
Mycgr3G105064,YER094C
Mycgr3G61231,YOL062C
Mycgr3G100250,YDR415C
Mycgr3G86046,YKR089C
Mycgr3G85217,YJR091C
Mycgr3G66908,YKR080W
Mycgr3G108301,YJR105W
Mycgr3G71128,YLR362W
Mycgr3G72261,YJR051W
Mycgr3G71484,YOR161C
Mycgr3G68348,YJL213W
Mycgr3G103339,YJR123W
Mycgr3G101708,YGL203C
Mycgr3G67718,YPL145C
Mycgr3G108228,YCR094W
Mycgr3G71994,YJR013W
Mycgr3G42092,YPL116W
Mycgr3G46743,YOR380W
Mycgr3G86648,YMR092C
Mycgr3G73771,YJL001W
Mycgr3G109139,YLR351C
Mycgr3G31826,YCR105W
Mycgr3G55454,YOR184W
Mycgr3G107205,YMR012W
Mycgr3G102047,YEL040W
Mycgr3G69205,YHR202W
Mycgr3G32730,YDL201W
Mycgr3G69118,YML049C
Mycgr3G106762,YHR112C
Mycgr3G77701,YBR192W
Mycgr3G102943,YDL137W
Mycgr3G57734,YMR116C
Mycgr3G54172,YDR452W
Mycgr3G75289,YGL065C
Mycgr3G69248,YBL037W
Mycgr3G49704,YJL095W
Mycgr3G107800,YDR245W
Mycgr3G68116,YML086C
Mycgr3G37123,YBR247C
Mycgr3G110148,YBR234C
Mycgr3G74191,YIL162W
Mycgr3G71171,YFR048W
Mycgr3G100364,YDR301W
Mycgr3G109911,YKL004W
Mycgr3G108706,YCR068W
Mycgr3G13719,YMR166C
Mycgr3G72682,YMR243C
Mycgr3G109241,YNL280C
Mycgr3G52873,YHR005C
Mycgr3G73167,YLR243W
Mycgr3G22912,YBR043C
Mycgr3G111108,YPR004C
Mycgr3G73745,YCR072C
Mycgr3G39250,YPL212C
Mycgr3G98275,YLR216C
Mycgr3G71416,YLL057C
Mycgr3G68263,YLL019C
Mycgr3G111322,YGR056W
Mycgr3G73729,YOR362C
Mycgr3G87833,YHL003C
Mycgr3G72668,YGR028W
Mycgr3G102177,YGL011C
Mycgr3G100323,YPR125W
Mycgr3G39112,YGL097W
Mycgr3G49181,YNL271C
Mycgr3G46388,YGR267C
Mycgr3G21242,YJR110W
Mycgr3G106298,YER089C
Mycgr3G52885,YJR078W
Mycgr3G30155,YDL155W
Mycgr3G62864,YFL038C
Mycgr3G106396,YFL030W
Mycgr3G86647,YKL114C
Mycgr3G63781,YAL021C
Mycgr3G101240,YEL051W
Mycgr3G73544,YDR142C
Mycgr3G76712,YMR296C
Mycgr3G75392,YBR046C
Mycgr3G76608,YGR054W
Mycgr3G22578,YNL293W
Mycgr3G69894,YHR132C
Mycgr3G106397,YPR165W
Mycgr3G98311,YIL033C
Mycgr3G68164,YOL033W
Mycgr3G73841,YOR145C
Mycgr3G45489,YGR055W
Mycgr3G86865,YOR239W
Mycgr3G23705,YMR293C
Mycgr3G101851,YPR167C
Mycgr3G31520,YBL033C
Mycgr3G34973,YHR011W
Mycgr3G46259,YPR161C
Mycgr3G71246,YKL045W
Mycgr3G98811,YLR117C
Mycgr3G53364,YPR119W
Mycgr3G93579,YGR255C
Mycgr3G12724,YLR187W
Mycgr3G108724,YGL076C
Mycgr3G74362,YPL057C
Mycgr3G74633,YCR009C
Mycgr3G13866,YNL011C
Mycgr3G62083,YDR365C
Mycgr3G68017,YBR179C
Mycgr3G109284,YIR023W
Mycgr3G32474,YOR386W
Mycgr3G73955,YPR118W
Mycgr3G72053,YPL209C
Mycgr3G102499,YML004C
Mycgr3G76010,YFR037C
Mycgr3G87598,YNL207W
Mycgr3G70427,YIL046W
Mycgr3G101362,YLR310C
Mycgr3G88617,YER056C
Mycgr3G66750,YEL046C
Mycgr3G67037,YIL021W
Mycgr3G77366,YJL088W
Mycgr3G11098,YLR336C
Mycgr3G46584,YJL062W
Mycgr3G37793,YBR094W
Mycgr3G69875,YER119C
Mycgr3G35402,YBR227C
Mycgr3G98385,YBL064C
Mycgr3G41254,YNL256W
Mycgr3G35337,YHR070W
Mycgr3G110613,YHR128W
Mycgr3G76974,YPL263C
Mycgr3G106533,YBR189W
Mycgr3G74961,YKL139W
Mycgr3G63693,YIL105C
Mycgr3G61450,YLR209C
Mycgr3G52682,YJR036C
Mycgr3G88465,YIL083C
Mycgr3G68361,YDL205C
Mycgr3G69123,YLR203C
Mycgr3G72288,YAL042W
Mycgr3G47254,YHL036W
Mycgr3G70482,YLR055C
Mycgr3G73948,YOR272W
Mycgr3G78786,YPL218W
Mycgr3G110849,YER168C
Mycgr3G46922,YOR202W
Mycgr3G67202,YJL059W
Mycgr3G100108,YIR004W
Mycgr3G83867,YNL274C
Mycgr3G109098,YBR061C
Mycgr3G68826,YKL174C
Mycgr3G62428,YPL117C
Mycgr3G108464,YOR132W
Mycgr3G100608,YBR082C
Mycgr3G73064,YER021W
Mycgr3G41120,YJL091C
Mycgr3G67117,YBL072C
Mycgr3G100510,YPR011C
Mycgr3G84059,YPL088W
Mycgr3G76149,YAL067C
Mycgr3G69865,YPL214C
Mycgr3G76018,YNL138W
Mycgr3G103622,YLR019W
Mycgr3G55565,YKR079C
Mycgr3G29864,YPL030W
Mycgr3G65810,YLR017W
Mycgr3G89975,YKL001C
Mycgr3G73474,YDR211W
Mycgr3G24612,YGR202C
Mycgr3G74159,YIR006C
Mycgr3G109517,YBL061C
Mycgr3G71753,YDR364C
Mycgr3G101775,YPL260W
Mycgr3G76723,YCL038C
Mycgr3G35932,YCR098C
Mycgr3G67666,YKR081C
Mycgr3G109282,YLR196W
Mycgr3G53877,YJL106W
Mycgr3G77079,YPR058W
Mycgr3G90544,YJR098C
Mycgr3G105216,YGR085C
Mycgr3G57931,YJL080C
Mycgr3G41619,YNR015W
Mycgr3G106268,YER156C
Mycgr3G98910,YKR018C
Mycgr3G43945,YNL219C
Mycgr3G63697,YOR033C
Mycgr3G84158,YDR019C
Mycgr3G99123,YDR297W
Mycgr3G98802,YAL061W
Mycgr3G99631,YGR285C
Mycgr3G110071,YCR047C
Mycgr3G99493,YML001W
Mycgr3G108491,YDR280W
Mycgr3G70402,YPR141C
Mycgr3G30000,YBL052C
Mycgr3G101221,YOR091W
Mycgr3G100794,YDR523C
Mycgr3G100205,YJL036W
Mycgr3G10745,YGL083W
Mycgr3G55269,YGR083C
Mycgr3G71932,YJL092W
Mycgr3G75506,YBR133C
Mycgr3G66280,YLR328W
Mycgr3G43124,YGL169W
Mycgr3G74920,YIL067C
Mycgr3G23438,YOR306C
Mycgr3G71344,YML110C
Mycgr3G75376,YEL024W
Mycgr3G67314,YJL053W
Mycgr3G83424,YPR201W
Mycgr3G90679,YNL141W
Mycgr3G55968,YDR050C
Mycgr3G105119,YBL041W
Mycgr3G108281,YKL039W
Mycgr3G66463,YPL171C
Mycgr3G65843,YFR010W
Mycgr3G68358,YJL084C
Mycgr3G46396,YIL020C
Mycgr3G67878,YOL055C
Mycgr3G72966,YOR100C
Mycgr3G70324,YOR119C
Mycgr3G56835,YPL211W
Mycgr3G74352,YJR119C
Mycgr3G65863,YPL152W
Mycgr3G22156,YPL097W
Mycgr3G66426,YLR260W
Mycgr3G107306,YPR108W
Mycgr3G98722,YDR244W
Mycgr3G87434,YMR226C
Mycgr3G71908,YBL098W
Mycgr3G111073,YMR203W
Mycgr3G71918,YLR116W
Mycgr3G86683,YPR175W
Mycgr3G69317,YPL122C
Mycgr3G65916,YBR241C
Mycgr3G33206,YER087W
Mycgr3G55479,YMR314W
Mycgr3G80934,YBR039W
Mycgr3G98150,YGL186C
Mycgr3G44439,YCR048W
Mycgr3G109481,YBL067C
Mycgr3G76703,YML021C
Mycgr3G101782,YGR118W
Mycgr3G65527,YPL172C
Mycgr3G111451,YNL048W
Mycgr3G68892,YOR212W
Mycgr3G100283,YGR260W
Mycgr3G66060,YBR074W
Mycgr3G63807,YJL133W
Mycgr3G89199,YFL001W
Mycgr3G98741,YOL068C
Mycgr3G98945,YBR164C
Mycgr3G105379,YKR048C
Mycgr3G68275,YFR051C
Mycgr3G67327,YKL221W
Mycgr3G101408,YBR287W
Mycgr3G102406,YIL133C
Mycgr3G69965,YGR207C
Mycgr3G74061,YBL097W
Mycgr3G76772,YDR335W
Mycgr3G45479,YJR006W
Mycgr3G91224,YBL035C
Mycgr3G28304,YER031C
Mycgr3G88000,YKL152C
Mycgr3G76905,YGR216C
Mycgr3G69430,YHR008C
Mycgr3G88113,YLR380W
Mycgr3G98817,YIL022W
Mycgr3G54782,YMR237W
Mycgr3G40869,YPR031W
Mycgr3G86861,YLR247C
Mycgr3G49914,YLR383W
Mycgr3G49312,YLR088W
Mycgr3G76790,YDR427W
Mycgr3G74088,YDL101C
Mycgr3G111641,YHR123W
Mycgr3G34437,YMR242C
Mycgr3G84417,YBR028C
Mycgr3G100273,YIL121W
Mycgr3G74168,YFR050C
Mycgr3G75299,YOR101W
Mycgr3G83759,YBL104C
Mycgr3G111498,YLR319C
Mycgr3G10108,YHR119W
Mycgr3G45396,YJL204C
Mycgr3G70871,YKL150W
Mycgr3G69942,YIL043C
Mycgr3G101067,YML121W
Mycgr3G43318,YDR392W
Mycgr3G100444,YJL069C
Mycgr3G80478,YBR048W
Mycgr3G74955,YDR268W
Mycgr3G100470,YGR188C
Mycgr3G77698,YBR037C
Mycgr3G65833,YDL236W
Mycgr3G50735,YGL205W
Mycgr3G65543,YGL171W
Mycgr3G98664,YKL151C
Mycgr3G109480,YNR030W
Mycgr3G65747,YGL058W
Mycgr3G22400,YOR334W
Mycgr3G75334,YNL010W
Mycgr3G86118,YML130C
Mycgr3G107711,YGR282C
Mycgr3G66977,YJL121C
Mycgr3G31277,YML065W
Mycgr3G96834,YNL172W
Mycgr3G108350,YNL231C
Mycgr3G109621,YBR162C
Mycgr3G61558,YLL006W
Mycgr3G83894,YLR348C
Mycgr3G101478,YAL025C
Mycgr3G35500,YOR274W
Mycgr3G77753,YPL133C
Mycgr3G99680,YHL010C
Mycgr3G38706,YDR287W
Mycgr3G101238,YLR262C
Mycgr3G99982,YKR084C
Mycgr3G92316,YGR098C
Mycgr3G67951,YOR141C
Mycgr3G80995,YDR064W
Mycgr3G56633,YPL227C
Mycgr3G35447,YDR312W
Mycgr3G77085,YOR006C
Mycgr3G67812,YJR144W
Mycgr3G57915,YNR006W
Mycgr3G71143,YDR242W
Mycgr3G101670,YBR198C
Mycgr3G77447,YGR233C
Mycgr3G21413,YNL279W
Mycgr3G104912,YLR167W
Mycgr3G104294,YDR032C
Mycgr3G99145,YFL005W
Mycgr3G65137,YHR086W
Mycgr3G66711,YCR026C
Mycgr3G44624,YER012W
Mycgr3G50079,YJL115W
Mycgr3G25746,YGR187C
Mycgr3G24521,YOR245C
Mycgr3G90522,YNL090W
Mycgr3G62258,YOR262W
Mycgr3G109945,YDL017W
Mycgr3G24728,YHR009C
Mycgr3G101277,YHR026W
Mycgr3G50123,YMR223W
Mycgr3G47221,YNL003C
Mycgr3G66265,YLR020C
Mycgr3G55708,YDR450W
Mycgr3G14483,YIL153W
Mycgr3G64195,YBR274W
Mycgr3G68916,YHR142W
Mycgr3G104812,YBR010W
Mycgr3G69939,YLR002C
Mycgr3G109870,YGR189C
Mycgr3G68731,YKL190W
Mycgr3G66253,YMR235C
Mycgr3G107202,YJL068C
Mycgr3G95859,YDR017C
Mycgr3G96289,YJL207C
Mycgr3G70208,YGL038C
Mycgr3G71621,YJR024C
Mycgr3G85156,YFL054C
Mycgr3G55813,YML064C
Mycgr3G65799,YOL064C
Mycgr3G100061,YBR088C
Mycgr3G55345,YJR133W
Mycgr3G42170,YMR001C
Mycgr3G109208,YER068W
Mycgr3G40213,YKL191W
Mycgr3G69507,YNL202W
Mycgr3G100618,YPL015C
Mycgr3G38597,YNL201C
Mycgr3G100579,YOR022C
Mycgr3G48437,YMR023C
Mycgr3G76222,YKR051W
Mycgr3G107930,YNL022C
Mycgr3G64098,YJR096W
Mycgr3G74587,YGR048W
Mycgr3G84343,YDL119C
Mycgr3G44596,YPL155C
Mycgr3G67079,YOR039W
Mycgr3G45394,YLR299W
Mycgr3G71957,YKL013C
Mycgr3G76370,YDR376W
Mycgr3G99872,YAR003W
Mycgr3G111248,YER026C
Mycgr3G71005,YJL143W
Mycgr3G23946,YFL016C
Mycgr3G72947,YBR110W
Mycgr3G104898,YBL027W
Mycgr3G75916,YMR213W
Mycgr3G102881,YGL147C
Mycgr3G36382,YGL144C
Mycgr3G66023,YKR042W
Mycgr3G31461,YOR094W
Mycgr3G67138,YKL080W
Mycgr3G109902,YBL080C
Mycgr3G50997,YDR204W
Mycgr3G54552,YDR191W
Mycgr3G101589,YBR291C
Mycgr3G46243,YNL237W
Mycgr3G66333,YOR089C
Mycgr3G75847,YMR220W
Mycgr3G37582,YLR133W
Mycgr3G72903,YBR042C
Mycgr3G33174,YPL069C
Mycgr3G72878,YHR144C
Mycgr3G77528,YNR041C
Mycgr3G39370,YNL125C
Mycgr3G102005,YBL087C
Mycgr3G110427,YEL056W
Mycgr3G99061,YFL028C
Mycgr3G52282,YCR023C
Mycgr3G49421,YNL223W
Mycgr3G70921,YAL016W
Mycgr3G99122,YDR272W
Mycgr3G111327,YJL010C
Mycgr3G73498,YHR148W
Mycgr3G75755,YPR060C
Mycgr3G71444,YIL001W
Mycgr3G45390,YDL108W
Mycgr3G70961,YGR024C
Mycgr3G68570,YMR210W
Mycgr3G105843,YDR418W
Mycgr3G100453,YOR346W
Mycgr3G103449,YJL190C
Mycgr3G64768,YIL118W
Mycgr3G99159,YCR031C
Mycgr3G48516,YDR104C
Mycgr3G58046,YGR149W
Mycgr3G77923,YER151C
Mycgr3G99007,YKR070W
Mycgr3G103370,YBL040C
Mycgr3G52389,YDL159W
Mycgr3G50200,YAR019C
Mycgr3G64949,YJR125C
Mycgr3G35430,YNL016W
Mycgr3G104583,YNR029C
Mycgr3G23199,YBR214W
Mycgr3G71139,YPL247C
Mycgr3G67921,YOL002C
Mycgr3G67881,YKL196C
Mycgr3G101579,YDR371W
Mycgr3G45640,YBR035C
Mycgr3G67867,YDL083C
Mycgr3G40642,YHL002W
Mycgr3G70061,YGL049C
Mycgr3G40276,YIL034C
Mycgr3G109152,YLR103C
Mycgr3G71474,YBR200W
Mycgr3G68012,YDL006W
Mycgr3G98483,YDR324C
Mycgr3G22915,YHR168W
Mycgr3G58719,YDR092W
Mycgr3G71048,YMR099C
Mycgr3G50069,YER157W
Mycgr3G101727,YIL006W
Mycgr3G74650,YPR180W
Mycgr3G76870,YJL127C
Mycgr3G84472,YBR256C
Mycgr3G76399,YEL034W
Mycgr3G70672,YLR330W
Mycgr3G73868,YLR143W
Mycgr3G46378,YOL092W
Mycgr3G46840,YHR084W
Mycgr3G110505,YGL059W
Mycgr3G62271,YKL149C
Mycgr3G30315,YER129W
Mycgr3G75690,YDR346C
Mycgr3G48067,YGR261C
Mycgr3G38485,YDR326C
Mycgr3G66934,YNL240C
Mycgr3G37404,YLR405W
Mycgr3G71056,YER140W
Mycgr3G21181,YOR017W
Mycgr3G86952,YJL125C
Mycgr3G70000,YDR214W
Mycgr3G66394,YLR361C
Mycgr3G100575,YER019W
Mycgr3G103329,YKL180W
Mycgr3G60481,YDR339C
Mycgr3G37506,YKL025C
Mycgr3G69951,YDL226C
Mycgr3G66364,YKL205W
Mycgr3G103593,YJR104C
Mycgr3G30105,YMR253C
Mycgr3G68091,YER152C
Mycgr3G29926,YOR154W
Mycgr3G101108,YDL167C
Mycgr3G36443,YML014W
Mycgr3G96135,YPR135W
Mycgr3G86279,YPR066W
Mycgr3G74485,YIL134W
Mycgr3G42817,YGL131C
Mycgr3G98635,YBR261C
Mycgr3G72790,YBR155W
Mycgr3G53015,YGR278W
Mycgr3G59920,YJL187C
Mycgr3G70925,YEL012W
Mycgr3G110869,YKR026C
Mycgr3G67205,YPL132W
Mycgr3G81123,YGL103W
Mycgr3G54447,YEL027W
Mycgr3G34213,YDL058W
Mycgr3G39484,YML018C
Mycgr3G76713,YJL081C
Mycgr3G67588,YGR284C
Mycgr3G110650,YDR164C
Mycgr3G76401,YDR484W
Mycgr3G109990,YHR206W
Mycgr3G100619,YDR465C
Mycgr3G48084,YBL082C
Mycgr3G83899,YPL249C
Mycgr3G95071,YKL067W
Mycgr3G32207,YHR069C
Mycgr3G53825,YHR200W
Mycgr3G99314,YML020W
Mycgr3G66684,YJR073C
Mycgr3G64873,YML022W
Mycgr3G103868,YDR487C
Mycgr3G43980,YBR154C
Mycgr3G30146,YCL064C
Mycgr3G103549,YPR086W
Mycgr3G54222,YMR137C
Mycgr3G54540,YML097C
Mycgr3G44978,YDR155C
Mycgr3G74367,YMR283C
Mycgr3G104028,YOR096W
Mycgr3G49350,YPL123C
Mycgr3G32367,YPL063W
Mycgr3G102352,YHR114W
Mycgr3G91513,YEL013W
Mycgr3G75734,YNL181W
Mycgr3G62164,YJR070C
Mycgr3G104916,YNL301C
Mycgr3G12526,YIL039W
Mycgr3G50786,YDR454C
Mycgr3G32359,YPR097W
Mycgr3G74909,YMR022W
Mycgr3G98231,YGL143C
Mycgr3G65614,YPL237W
Mycgr3G69026,YKL056C
Mycgr3G47771,YPR082C
Mycgr3G102184,YLR420W
Mycgr3G70969,YKR068C
Mycgr3G54489,YKL069W
Mycgr3G72131,YJL029C
Mycgr3G98919,YML096W
Mycgr3G87525,YJR142W
Mycgr3G109172,YOR069W
Mycgr3G71190,YGR038W
Mycgr3G75475,YFR021W
Mycgr3G110944,YLR215C
Mycgr3G106548,YBR191W
Mycgr3G92578,YPL183C
Mycgr3G41334,YAR018C
Mycgr3G88442,YBL019W
Mycgr3G107492,YOR130C
Mycgr3G77508,YOR275C
Mycgr3G70544,YGL130W
Mycgr3G109697,YDR182W
Mycgr3G77145,YGR257C
Mycgr3G31514,YPR127W
Mycgr3G35581,YDR541C
Mycgr3G67122,YGL001C
Mycgr3G103402,YDR036C
Mycgr3G73148,YGL136C
Mycgr3G72169,YMR200W
Mycgr3G74468,YPL188W
Mycgr3G71244,YPL224C
Mycgr3G76625,YOR124C
Mycgr3G43039,YER051W
Mycgr3G102897,YGL087C
Mycgr3G70436,YDR049W
Mycgr3G72443,YLR191W
Mycgr3G25320,YLR286C
Mycgr3G110027,YMR020W
Mycgr3G73547,YBL020W
Mycgr3G110058,YPR137W
Mycgr3G92162,YMR259C
Mycgr3G106782,YNL001W
Mycgr3G51359,YJL093C
Mycgr3G111064,YGL224C
Mycgr3G72463,YNR035C
Mycgr3G66129,YPL244C
Mycgr3G40773,YJR025C
Mycgr3G75418,YIL145C
Mycgr3G31712,YJL126W
Mycgr3G74677,YGL173C
Mycgr3G24351,YMR171C
Mycgr3G72130,YAL002W
Mycgr3G41865,YOL010W
Mycgr3G106181,YBL003C
Mycgr3G75295,YMR178W
Mycgr3G28846,YOL123W
Mycgr3G110044,YKR105C
Mycgr3G77491,YDL064W
Mycgr3G76808,YJR124C
Mycgr3G100507,YKL059C
Mycgr3G108755,YPL234C
Mycgr3G110888,YIL015W
Mycgr3G104351,YCR010C
Mycgr3G99206,YMR004W
Mycgr3G74836,YOR164C
Mycgr3G63449,YHL004W
Mycgr3G68653,YKL073W
Mycgr3G17705,YHR115C
Mycgr3G28602,YLR009W
Mycgr3G98928,YDR098C
Mycgr3G98854,YDR496C
Mycgr3G31648,YLR285W
Mycgr3G102491,YGR159C
Mycgr3G43763,YDL210W
Mycgr3G73380,YJL002C
Mycgr3G42189,YBR056W
Mycgr3G68089,YNL072W
Mycgr3G65574,YMR093W
Mycgr3G12608,YBR187W
Mycgr3G109450,YNR034W
Mycgr3G73399,YHR141C
Mycgr3G37446,YPL051W
Mycgr3G55823,YHR100C
Mycgr3G111035,YNL313C
Mycgr3G85716,YDR400W
Mycgr3G49928,YGL124C
Mycgr3G42503,YIL099W
Mycgr3G12076,YHR082C
Mycgr3G82536,YMR305C
Mycgr3G49226,YGR163W
Mycgr3G65854,YOR251C
Mycgr3G69392,YGR152C
Mycgr3G89870,YLL051C
Mycgr3G102589,YIR037W
Mycgr3G62752,YJL134W
Mycgr3G110783,YDR416W
Mycgr3G73582,YPL135W
Mycgr3G99301,YBR146W
Mycgr3G77496,YGR220C
Mycgr3G41284,YBR176W
Mycgr3G72191,YPL236C
Mycgr3G100162,YNL221C
Mycgr3G101279,YNL083W
Mycgr3G99699,YNR007C
Mycgr3G102416,YPL096W
Mycgr3G74463,YGL067W
Mycgr3G65395,YKR043C
Mycgr3G110727,YOL141W
Mycgr3G70729,YOL152W
Mycgr3G104624,YDR447C
Mycgr3G33257,YKL218C
Mycgr3G53507,YBL050W
Mycgr3G20459,YPL153C
Mycgr3G98257,YML012W
Mycgr3G110502,YHR088W
Mycgr3G48386,YDR323C
Mycgr3G100684,YNL320W
Mycgr3G93207,YNL168C
Mycgr3G101415,YLR121C
Mycgr3G72509,YER170W
Mycgr3G68429,YDR247W
Mycgr3G59963,YDR471W
Mycgr3G35093,YNL222W
Mycgr3G22198,YPR157W
Mycgr3G74842,YPL252C
Mycgr3G75163,YLR370C
Mycgr3G68980,YLR268W
Mycgr3G108219,YBL078C
Mycgr3G66375,YDL104C
Mycgr3G34626,YAL015C
Mycgr3G71895,YLR459W
Mycgr3G103110,YDL124W
Mycgr3G67099,YML131W
Mycgr3G73004,YBR009C
Mycgr3G96686,YGR001C
Mycgr3G102814,YKL207W
Mycgr3G75784,YKL033W-A
Mycgr3G72564,YML106W
Mycgr3G11203,YKL179C
Mycgr3G72054,YNR020C
Mycgr3G73816,YMR208W
Mycgr3G65576,YGR046W
Mycgr3G82853,YER072W
Mycgr3G75774,YLR270W
Mycgr3G99446,YKL172W
Mycgr3G99074,YKL009W
Mycgr3G85380,YDL052C
Mycgr3G67041,YLR422W
Mycgr3G87682,YGR110W
Mycgr3G89513,YJL057C
Mycgr3G71455,YML060W
Mycgr3G25899,YGL019W
Mycgr3G42543,YIL106W
Mycgr3G70002,YCL001W
Mycgr3G37171,YGR246C
Mycgr3G108883,YNR017W
Mycgr3G34966,YOR311C
Mycgr3G98180,YNL302C
Mycgr3G109512,YHR075C
Mycgr3G86354,YBR289W
Mycgr3G33976,YJL030W
Mycgr3G71479,YER122C
Mycgr3G69961,YKR087C
Mycgr3G86219,YMR055C
Mycgr3G23780,YDR440W
Mycgr3G84372,YBR026C
Mycgr3G69716,YLR206W
Mycgr3G101103,YNL007C
Mycgr3G109027,YKL072W
Mycgr3G66582,YBR293W
Mycgr3G58858,YOR332W
Mycgr3G11429,YKL116C
Mycgr3G40264,YJL031C
Mycgr3G68217,YAL010C
Mycgr3G111377,YKL087C
Mycgr3G63574,YDL125C
Mycgr3G109418,YGL054C
Mycgr3G38315,YDR419W
Mycgr3G36249,YPR192W
Mycgr3G47503,YNL025C
Mycgr3G84074,YGL200C
Mycgr3G87670,YCR019W
Mycgr3G67720,YIR022W
Mycgr3G111433,YDR006C
Mycgr3G70401,YGL064C
Mycgr3G100492,YGR184C
Mycgr3G68937,YKL018W
Mycgr3G68026,YDR002W
Mycgr3G61494,YDR054C
Mycgr3G106182,YBL002W
Mycgr3G66728,YAL003W
Mycgr3G10126,YLR084C
Mycgr3G65536,YDR058C
Mycgr3G111324,YPR128C
Mycgr3G64294,YMR113W
Mycgr3G98298,YIL038C
Mycgr3G71906,YFR018C
Mycgr3G50480,YJR002W
Mycgr3G65370,YKL092C
Mycgr3G35593,YKL002W
Mycgr3G107412,YLR170C
Mycgr3G99023,YNR056C
Mycgr3G98665,YEL004W
Mycgr3G46643,YOL012C
Mycgr3G35120,YIL053W
Mycgr3G75752,YJL112W
Mycgr3G76618,YHR089C
Mycgr3G69467,YDL090C
Mycgr3G68326,YEL021W
Mycgr3G73778,YOL143C
Mycgr3G88222,YGR007W
Mycgr3G46635,YCR063W
Mycgr3G73048,YDR373W
Mycgr3G103797,YOR150W
Mycgr3G57411,YKL213C
Mycgr3G102541,YKL016C
Mycgr3G27852,YLL027W
Mycgr3G107715,YDR013W
Mycgr3G58554,YMR260C
Mycgr3G75672,YEL026W
Mycgr3G63665,YBR081C
Mycgr3G53469,YNL094W
Mycgr3G107174,YDR389W
Mycgr3G70181,YLR006C
Mycgr3G61986,YDL209C
Mycgr3G110529,YHR166C
Mycgr3G68497,YER100W
Mycgr3G33116,YDL193W
Mycgr3G31968,YOL040C
Mycgr3G74429,YPL143W
Mycgr3G99027,YPL129W
Mycgr3G91439,YML093W
Mycgr3G98404,YDL087C
Mycgr3G99310,YOR254C
Mycgr3G100978,YCR084C
Mycgr3G68879,YNL189W
Mycgr3G14092,YNR052C
Mycgr3G85889,YPR062W
Mycgr3G66791,YPL151C
Mycgr3G39612,YNL299W
Mycgr3G67803,YJL055W
Mycgr3G67218,YGR091W
Mycgr3G110636,YOL052C
Mycgr3G102740,YML073C
Mycgr3G103824,YDL082W
Mycgr3G60247,YAL024C
Mycgr3G100730,YLR023C
Mycgr3G65778,YLR118C
Mycgr3G108665,YLR045C
Mycgr3G101194,YDL135C
Mycgr3G77629,YPL059W
Mycgr3G84646,YPR155C
Mycgr3G70073,YIR035C
Mycgr3G31477,YDR354W
Mycgr3G100120,YEL039C
Mycgr3G100874,YDR177W
Mycgr3G54755,YLR324W
Mycgr3G56101,YMR091C
Mycgr3G105450,YDR328C
Mycgr3G101252,YDR061W
Mycgr3G40375,YNL200C
Mycgr3G110162,YDR266C
Mycgr3G70164,YCR044C
Mycgr3G69545,YDR168W
Mycgr3G69522,YDR410C
Mycgr3G97345,YOR281C
Mycgr3G93828,YMR016C
Mycgr3G106114,YER131W
Mycgr3G99173,YMR078C
Mycgr3G107004,YDR051C
Mycgr3G102469,YPL078C
Mycgr3G107963,YOR307C
Mycgr3G14739,YDL237W
Mycgr3G59391,YBR252W
Mycgr3G93598,YDR083W
Mycgr3G35530,YMR034C
Mycgr3G74910,YHR201C
Mycgr3G14858,YLR418C
Mycgr3G60448,YJR058C
Mycgr3G49141,YNL118C
Mycgr3G25825,YPL196W
Mycgr3G65966,YER016W
Mycgr3G102384,YOL139C
Mycgr3G13471,YNL227C
Mycgr3G83972,YDL153C
Mycgr3G89123,YNL035C
Mycgr3G15276,YLR063W
Mycgr3G108384,YLR059C
Mycgr3G65596,YGR195W
Mycgr3G110503,YBL051C
Mycgr3G70471,YER074W
Mycgr3G36495,YMR102C
Mycgr3G64875,YER042W
Mycgr3G102027,YIL052C
Mycgr3G107316,YKL040C
Mycgr3G75621,YOL080C
Mycgr3G110980,YBL047C
Mycgr3G28226,YPR051W
Mycgr3G34998,YPL087W
Mycgr3G65473,YNL126W
Mycgr3G38006,YPR140W
Mycgr3G98775,YER007C-A
Mycgr3G104544,YBR135W
Mycgr3G87220,YDR196C
Mycgr3G25437,YDR460W
Mycgr3G98528,YGR096W
Mycgr3G87062,YIR042C
Mycgr3G30158,YOL041C
Mycgr3G38039,YBL036C
Mycgr3G14505,YGL014W
Mycgr3G35508,YAL039C
Mycgr3G73479,YGL221C
Mycgr3G66834,YGR276C
Mycgr3G37784,YNL292W
Mycgr3G28593,YNR036C
Mycgr3G61964,YCR027C
Mycgr3G102569,YOR232W
Mycgr3G74552,YBR141C
Mycgr3G100083,YOR181W
Mycgr3G73676,YHR181W
Mycgr3G46304,YJR069C
Mycgr3G107763,YIL023C
Mycgr3G40143,YGL164C
Mycgr3G37538,YPR113W
Mycgr3G105508,YOR358W
Mycgr3G96997,YBL055C
Mycgr3G99880,YPL065W
Mycgr3G93463,YBR242W
Mycgr3G49528,YGL232W
Mycgr3G65589,YDR176W
Mycgr3G74522,YDL030W
Mycgr3G101897,YLR026C
Mycgr3G102585,YDR298C
Mycgr3G18390,YPR037C
Mycgr3G74317,YDR320C
Mycgr3G92233,YOR339C
Mycgr3G47065,YJR057W
Mycgr3G110557,YDL166C
Mycgr3G73624,YDR408C
Mycgr3G75897,YPR056W
Mycgr3G99535,YLR323C
Mycgr3G69451,YOL096C
Mycgr3G45253,YNL044W
Mycgr3G74913,YDR237W
Mycgr3G71564,YJL071W
Mycgr3G108657,YER118C
Mycgr3G58925,YPR040W
Mycgr3G37396,YNL092W
Mycgr3G32378,YNL129W
Mycgr3G46438,YOR056C
Mycgr3G98356,YLR403W
Mycgr3G96032,YMR155W
Mycgr3G75234,YBL058W
Mycgr3G109863,YER185W
Mycgr3G46230,YOL133W
Mycgr3G108203,YNL291C
Mycgr3G105388,YOL127W
Mycgr3G103841,YPL002C
Mycgr3G99943,YOR131C
Mycgr3G103191,YBL092W
Mycgr3G81942,YDL217C
Mycgr3G31719,YLR014C
Mycgr3G67977,YNL084C
Mycgr3G87449,YML005W
Mycgr3G72776,YBR055C
Mycgr3G102191,YOR125C
Mycgr3G99418,YCL045C
Mycgr3G77251,YHR110W
Mycgr3G61514,YCR059C
Mycgr3G36370,YEL038W
Mycgr3G90957,YML061C
Mycgr3G69881,YIL164C
Mycgr3G102488,YJR014W
Mycgr3G111394,YIL090W
Mycgr3G101007,YFL024C
Mycgr3G72961,YML074C
Mycgr3G106880,YER114C
Mycgr3G106573,YBR054W
Mycgr3G106539,YGR208W
Mycgr3G106407,YDL075W
Mycgr3G28568,YJL035C
Mycgr3G65387,YLR306W
Mycgr3G104063,YOR293W
Mycgr3G66006,YML067C
Mycgr3G46537,YBR106W
Mycgr3G32208,YMR114C
Mycgr3G72141,YGR020C
Mycgr3G56362,YPR094W
Mycgr3G91369,YMR140W
Mycgr3G71065,YBR267W
Mycgr3G12260,YLR246W
Mycgr3G86233,YER010C
Mycgr3G45644,YDR265W
Mycgr3G68059,YLR022C
Mycgr3G104970,YPL111W
Mycgr3G75416,YBR251W
Mycgr3G109254,YPR045C
Mycgr3G67821,YGR172C
Mycgr3G34965,YGR193C
Mycgr3G44997,YBR186W
Mycgr3G110991,YNL137C
Mycgr3G72630,YPL120W
Mycgr3G91870,YMR038C
Mycgr3G101665,YOL093W
Mycgr3G69784,YJR017C
Mycgr3G42477,YKR058W
Mycgr3G25855,YOR007C
Mycgr3G16306,YOL001W
Mycgr3G77228,YLR168C
Mycgr3G86888,YPL115C
Mycgr3G76373,YOR127W
Mycgr3G71535,YER163C
Mycgr3G46160,YCR036W
Mycgr3G103627,YDR425W
Mycgr3G106949,YIL110W
Mycgr3G63935,YDR449C
Mycgr3G69702,YFL060C
Mycgr3G41913,YBL021C
Mycgr3G73769,YIL050W
Mycgr3G105015,YPL010W
Mycgr3G48880,YMR024W
Mycgr3G32521,YOR246C
Mycgr3G48113,YBR276C
Mycgr3G46275,YPL191C
Mycgr3G66529,YBL038W
Mycgr3G99704,YBR111C
Mycgr3G102012,YGL187C
Mycgr3G107801,YBR086C
Mycgr3G101160,YCR077C
Mycgr3G85206,YMR097C
Mycgr3G22047,YJL194W
Mycgr3G68754,YNR038W
Mycgr3G107817,YNL026W
Mycgr3G10443,YPR022C
Mycgr3G87006,YBR228W
Mycgr3G73649,YML046W
Mycgr3G45721,YHR051W
Mycgr3G38046,YNL197C
Mycgr3G85212,YJR094W-A
Mycgr3G106559,YNL244C
Mycgr3G70288,YOR257W
Mycgr3G87952,YDR140W
Mycgr3G70456,YDR311W
Mycgr3G54676,YDR316W
Mycgr3G100890,YGL246C
Mycgr3G104198,YDL004W
Mycgr3G100220,YDR429C
Mycgr3G67987,YKL034W
Mycgr3G99564,YBR109C
Mycgr3G103502,YEL037C
Mycgr3G72125,YHR122W
Mycgr3G75885,YKL041W
Mycgr3G80331,YCL033C
Mycgr3G54282,YBL102W
Mycgr3G47390,YDR173C
Mycgr3G14307,YDR527W
Mycgr3G107320,YGR288W
Mycgr3G68568,YOL129W
Mycgr3G53755,YPR023C
Mycgr3G27084,YNL289W
Mycgr3G70980,YBR271W
Mycgr3G91052,YDL112W
Mycgr3G58400,YOR288C
Mycgr3G105646,YGR034W
Mycgr3G50078,YKL128C
Mycgr3G41592,YGL017W
Mycgr3G77560,YHR012W
Mycgr3G60172,YGL030W
Mycgr3G75604,YGL105W
Mycgr3G99069,YDL216C
Mycgr3G75240,YER154W
Mycgr3G96591,YGR078C
Mycgr3G95776,YPL101W
Mycgr3G86618,YOR336W
Mycgr3G41752,YIL064W
Mycgr3G65806,YNR060W
Mycgr3G89073,YDL114W
Mycgr3G30651,YNR054C
Mycgr3G74155,YAL049C
Mycgr3G71377,YNL263C
Mycgr3G106485,YLR185W
Mycgr3G34180,YML079W
Mycgr3G110683,YOR095C
Mycgr3G105083,YOL005C
Mycgr3G101770,YHL008C
Mycgr3G59339,YGL043W
Mycgr3G67944,YMR071C
Mycgr3G58641,YMR183C
Mycgr3G33005,YPR187W
Mycgr3G103202,YIR038C
Mycgr3G17882,YKL088W
Mycgr3G98363,YOR367W
Mycgr3G39277,YMR236W
Mycgr3G78925,YBL026W
Mycgr3G39488,YLR290C
Mycgr3G108599,YDR150W
Mycgr3G40713,YLR220W
Mycgr3G59307,YKR088C
Mycgr3G64763,YHR021C
Mycgr3G103611,YBR002C
Mycgr3G69782,YGL070C
Mycgr3G48587,YLR284C
Mycgr3G44089,YGR093W
Mycgr3G31170,YMR043W
Mycgr3G104845,YCL011C
Mycgr3G98210,YLR207W
Mycgr3G34630,YLR107W
Mycgr3G110217,YNL135C
Mycgr3G40195,YDR236C
Mycgr3G107996,YJL097W
Mycgr3G110410,YPR025C
Mycgr3G71863,YML102W
Mycgr3G98206,YLR025W
Mycgr3G85784,YIL044C
Mycgr3G78124,YKR057W
Mycgr3G98153,YGL037C
Mycgr3G46572,YEL007W
Mycgr3G65949,YDL056W
Mycgr3G15671,YDR175C
Mycgr3G35039,YJL024C
Mycgr3G12394,YML038C
Mycgr3G68176,YMR100W
Mycgr3G40355,YOR018W
Mycgr3G69303,YKR035W-A
Mycgr3G73913,YFL013C
Mycgr3G70635,YBR239C
Mycgr3G96217,YIL065C
Mycgr3G62649,YDL045C
Mycgr3G19099,YDL219W
Mycgr3G50788,YGR227W
Mycgr3G46623,YOR319W
Mycgr3G99059,YNL284C
Mycgr3G58653,YKL100C
Mycgr3G41223,YPR131C
Mycgr3G83768,YOR369C
Mycgr3G105522,YLL050C
Mycgr3G107156,YIR005W
Mycgr3G107675,YLL062C
Mycgr3G106982,YGL244W
Mycgr3G75463,YLR126C
Mycgr3G67076,YJL054W
Mycgr3G70246,YNL036W
Mycgr3G32102,YBR153W
Mycgr3G45542,YLR239C
Mycgr3G83678,YOR059C
Mycgr3G71110,YMR276W
Mycgr3G107627,YBL057C
Mycgr3G77021,YFL044C
Mycgr3G99524,YAL022C
Mycgr3G37911,YOR122C
Mycgr3G12884,YDR205W
Mycgr3G42542,YNL053W
Mycgr3G27012,YDL142C
Mycgr3G63016,YHR077C
Mycgr3G30397,YML025C
Mycgr3G66842,YDR404C
Mycgr3G47510,YJR099W
Mycgr3G18762,YNL251C
Mycgr3G69260,YLR085C
Mycgr3G15902,YBL013W
Mycgr3G42169,YDR165W
Mycgr3G59682,YMR036C
Mycgr3G46950,YOR077W
Mycgr3G68686,YLR015W
Mycgr3G71170,YDL144C
Mycgr3G67851,YER075C
Mycgr3G91535,YDR486C
Mycgr3G30112,YLR307W
Mycgr3G99195,YNL108C
Mycgr3G98769,YDL015C
Mycgr3G77668,YOR357C
Mycgr3G73382,YNL265C
Mycgr3G105721,YOR020C
Mycgr3G69992,YGL068W
Mycgr3G85776,YER008C
Mycgr3G21049,YBL084C
Mycgr3G33027,YER004W
Mycgr3G29244,YGL080W
Mycgr3G109934,YPL162C
Mycgr3G77324,YDR055W
Mycgr3G86065,YER044C
Mycgr3G72837,YEL023C
Mycgr3G82116,YLR043C
Mycgr3G99098,YJL180C
Mycgr3G100580,YDR435C
Mycgr3G46366,YNL062C
Mycgr3G105874,YPR100W
Mycgr3G104371,YGL031C
Mycgr3G27411,YNL032W
Mycgr3G63621,YDL230W
Mycgr3G108339,YIL061C
Mycgr3G40912,YHR134W
Mycgr3G69971,YOR269W
Mycgr3G103966,YJR075W
Mycgr3G67859,YJR140C
Mycgr3G101554,YDR080W
Mycgr3G101457,YLR275W
Mycgr3G93237,YDR305C
Mycgr3G69615,YDR489W
Mycgr3G93387,YPR162C
Mycgr3G15610,YPL094C
Mycgr3G104930,YMR127C
Mycgr3G45952,YNL113W
Mycgr3G31040,YKL195W
Mycgr3G55177,YML105C
Mycgr3G111290,YBR233W
Mycgr3G42864,YNL068C
Mycgr3G109944,YKL189W
Mycgr3G53984,YLR038C
Mycgr3G72009,YJR090C
Mycgr3G34825,YHL021C
Mycgr3G52717,YHR162W
Mycgr3G111497,YGR178C
Mycgr3G77604,YHR013C
Mycgr3G111074,YDR421W
Mycgr3G76628,YDL146W
Mycgr3G31509,YNL175C
Mycgr3G109995,YLR115W
Mycgr3G62534,YNR037C
Mycgr3G32483,YMR193W
Mycgr3G64857,YNR003C
Mycgr3G108927,YJR116W
Mycgr3G110369,YLR176C
Mycgr3G101464,YPR191W
Mycgr3G59030,YKL125W
Mycgr3G111048,YBR101C
Mycgr3G50623,YJL046W
Mycgr3G73812,YKL019W
Mycgr3G61371,YPR028W
Mycgr3G111475,YIL096C
Mycgr3G10995,YKL155C
Mycgr3G58483,YNR027W
Mycgr3G98591,YOL107W
Mycgr3G52569,YHR005C-A
Mycgr3G17219,YDR361C
Mycgr3G100167,YDR519W
Mycgr3G53300,YHL001W
Mycgr3G67431,YHL031C
Mycgr3G48269,YGR021W
Mycgr3G40797,YHL027W
Mycgr3G73187,YCR030C
Mycgr3G67618,YOR292C
Mycgr3G33562,YDR045C
Mycgr3G62954,YMR035W
Mycgr3G70475,YIR012W
Mycgr3G108767,YKR062W
Mycgr3G36580,YLR147C
Mycgr3G60694,YMR194W
Mycgr3G15195,YJR107W
Mycgr3G72359,YDR071C
Mycgr3G106186,YJL004C
Mycgr3G57452,YJR050W
Mycgr3G109516,YKR029C
Mycgr3G44402,YDR145W
Mycgr3G30981,YLR154W-C
Mycgr3G107149,YHR097C
Mycgr3G84315,YKL012W
Mycgr3G38379,YOR140W
Mycgr3G50274,YJL063C
Mycgr3G61626,YDR183W
Mycgr3G110152,YOR294W
Mycgr3G93675,YOR278W
Mycgr3G36290,YDR228C
Mycgr3G33410,YMR227C
Mycgr3G111387,YKR071C
Mycgr3G102692,YDR028C
Mycgr3G74695,YKL143W
Mycgr3G46814,YOR057W
Mycgr3G62261,YOR026W
Mycgr3G49968,YBR290W
Mycgr3G70555,YCL026C-B
Mycgr3G71341,YML127W
Mycgr3G51107,YPL103C
Mycgr3G72138,YDL046W
Mycgr3G47340,YDR393W
Mycgr3G45617,YNR046W
Mycgr3G109524,YLR151C
Mycgr3G35060,YBR014C
Mycgr3G109742,YGL086W
Mycgr3G90001,YJL158C
Mycgr3G28493,YJL079C
Mycgr3G74671,YAL032C
Mycgr3G32304,YJL124C
Mycgr3G71585,YPL089C
Mycgr3G25234,YOL018C
Mycgr3G65866,YGR262C
Mycgr3G36302,YPL248C
Mycgr3G81501,YLR264W
Mycgr3G70496,YBL001C
Mycgr3G50818,YIL093C
Mycgr3G54855,YPL170W
Mycgr3G91858,YDR397C
Mycgr3G37366,YJR060W
Mycgr3G56675,YKL170W
Mycgr3G69592,YIL030C
Mycgr3G58850,YBL049W
Mycgr3G66501,YMR280C
Mycgr3G65477,YOR111W
Mycgr3G77535,YOR216C
Mycgr3G66917,YPL199C
Mycgr3G77325,YDR529C
Mycgr3G17823,YGL085W
Mycgr3G17722,YNL107W
Mycgr3G20472,YDL206W
Mycgr3G104579,YGL106W
Mycgr3G88095,YHL015W
Mycgr3G73903,YKR065C
Mycgr3G104056,YHR147C
Mycgr3G28506,YPR073C
Mycgr3G67403,YDR087C
Mycgr3G33739,YDL208W
Mycgr3G110922,YJL110C
Mycgr3G77140,YLR097C
Mycgr3G65960,YGL242C
Mycgr3G99181,YJR044C
Mycgr3G98638,YOL102C
Mycgr3G31899,YGR005C
Mycgr3G103406,YLR388W
Mycgr3G42167,YOR049C
Mycgr3G100069,YDL148C
Mycgr3G103184,YIL008W
Mycgr3G69638,YNL232W
Mycgr3G38117,YPR095C
Mycgr3G97226,YNL110C
Mycgr3G90433,YBR089C-A
Mycgr3G110861,YDL035C
Mycgr3G15641,YER142C
Mycgr3G110431,YCR065W
Mycgr3G69686,YER134C
Mycgr3G84166,YJR052W
Mycgr3G71372,YGL243W
Mycgr3G38865,YIL051C
Mycgr3G103387,YAL034C
Mycgr3G42049,YGL050W
Mycgr3G92812,YLR242C
Mycgr3G111565,YER120W
Mycgr3G104128,YNL111C
Mycgr3G26090,YPL206C
Mycgr3G48243,YMR026C
Mycgr3G111534,YMR161W
Mycgr3G31905,YDR510W
Mycgr3G62604,YKL058W
Mycgr3G22995,YBR236C
Mycgr3G109375,YPL165C
Mycgr3G56211,YJL003W
Mycgr3G84825,YMR281W
Mycgr3G54090,YGL010W
Mycgr3G110875,YKL117W
Mycgr3G18895,YGR082W
Mycgr3G83804,YGL237C
Mycgr3G56917,YJL145W
Mycgr3G110810,YOR035C
Mycgr3G71532,YLR396C
Mycgr3G55315,YMR292W
Mycgr3G75597,YBR102C
Mycgr3G67912,YMR033W
Mycgr3G104520,YOR159C
Mycgr3G107411,YDR005C
Mycgr3G64667,YGL191W
Mycgr3G109392,YFL021W
Mycgr3G84039,YML094W
Mycgr3G111491,YNL024C
Mycgr3G102248,YDL072C
Mycgr3G45761,YGL073W
Mycgr3G100832,YLR162W-A
Mycgr3G94593,YFL046W
Mycgr3G57354,YPL013C
Mycgr3G70987,YOR384W
Mycgr3G77764,YOR280C
Mycgr3G103070,YOR210W
Mycgr3G93836,YNL041C
Mycgr3G35394,YMR090W
Mycgr3G107091,YOR327C
Mycgr3G106420,YIL010W
Mycgr3G33390,YGR066C
Mycgr3G77064,YOL022C
Mycgr3G99129,YDR432W
Mycgr3G108529,YBR254C
Mycgr3G74460,YDR116C
Mycgr3G101607,YOL013C
Mycgr3G70050,YJL104W
Mycgr3G22969,YOR322C
Mycgr3G106079,YDR511W
Mycgr3G80754,YDR513W
Mycgr3G41229,YDL120W
Mycgr3G109444,YBL032W
Mycgr3G95216,YDR470C
Mycgr3G74012,YNL305C
Mycgr3G69914,YBR092C
Mycgr3G86073,YOR103C
Mycgr3G80351,YDR424C
Mycgr3G89963,YLR321C
Mycgr3G24553,YDR004W
Mycgr3G100058,YJL020C
Mycgr3G14514,YGL213C
Mycgr3G106528,YPL098C
Mycgr3G95405,YKL160W
Mycgr3G108694,YGL215W
Mycgr3G73600,YNL023C
Mycgr3G78410,YLR287C-A
Mycgr3G67443,YDR152W
Mycgr3G69516,YAL046C
Mycgr3G76564,YBR213W
Mycgr3G102131,YOL071W
Mycgr3G110187,YGL155W
Mycgr3G74151,YDR524C
Mycgr3G103653,YKL138C
Mycgr3G87527,YPL146C
Mycgr3G40139,YKR023W
Mycgr3G99020,YPR129W
Mycgr3G57709,YDR299W
Mycgr3G69002,YGL248W
Mycgr3G25667,YGL153W
Mycgr3G87549,YDR167W
Mycgr3G34487,YPL242C
Mycgr3G87284,YHR072W-A
Mycgr3G77836,YMR063W
Mycgr3G31164,YBL071W-A
Mycgr3G39191,YBR004C
Mycgr3G93353,YGL231C
Mycgr3G108857,YKL175W
Mycgr3G101931,YOR390W
Mycgr3G111178,YNR059W
Mycgr3G83336,YJL123C
Mycgr3G107882,YPL126W
Mycgr3G73923,YNL081C
Mycgr3G103278,YGR186W
Mycgr3G43420,YKL192C
Mycgr3G100063,YAL058W
Mycgr3G48453,YMR262W
Mycgr3G31190,YGL066W
Mycgr3G103162,YGR027C
Mycgr3G23379,YDR329C
Mycgr3G28721,YPL107W
Mycgr3G42338,YLR008C
Mycgr3G66828,YDR246W
Mycgr3G87981,YLR077W
Mycgr3G73447,YMR182C
Mycgr3G101893,YDR200C
Mycgr3G104658,YGL028C
Mycgr3G73484,YGL044C
Mycgr3G40386,YPL032C
Mycgr3G107812,YLR411W
Mycgr3G87244,YLR066W
Mycgr3G74581,YKL141W
Mycgr3G107230,YPL037C
Mycgr3G111066,YLL032C
Mycgr3G51612,YJL078C
Mycgr3G101009,YOR115C
Mycgr3G29736,YDR162C
Mycgr3G108776,YGL092W
Mycgr3G66803,YBR112C
Mycgr3G93513,YGR203W
Mycgr3G76471,YBR096W
Mycgr3G82510,YFR032C-A
Mycgr3G51311,YNL272C
Mycgr3G38483,YJR129C
Mycgr3G11243,YDR108W
Mycgr3G19663,YFL017W-A
Mycgr3G99904,YCL034W
Mycgr3G110807,YAR008W
Mycgr3G70943,YKL094W
Mycgr3G75116,YNL005C
Mycgr3G105463,YJL189W
Mycgr3G24319,YPL083C
Mycgr3G39023,YDL105W
Mycgr3G99274,YDR472W
Mycgr3G67442,YDR161W
Mycgr3G37496,YLR281C
Mycgr3G85170,YOR236W
Mycgr3G105749,YDR405W
Mycgr3G91070,YCL032W
Mycgr3G99443,YKL193C
Mycgr3G105945,YNL128W
Mycgr3G84746,YLR438C-A
Mycgr3G25082,YGR277C
Mycgr3G110539,YBR123C
Mycgr3G64317,YNL259C
Mycgr3G110040,YDR347W
Mycgr3G74152,YDR414C
Mycgr3G35040,YBR265W
Mycgr3G77069,YIL070C
Mycgr3G102722,YCR088W
Mycgr3G40224,YCL005W-A
Mycgr3G68633,YAL034W-A
Mycgr3G102737,YOL039W
Mycgr3G47014,YML077W
Mycgr3G33832,YLR179C
Mycgr3G30583,YER159C
Mycgr3G69270,YDR221W
Mycgr3G14095,YLR142W
Mycgr3G75738,YPR182W
Mycgr3G107945,YGR006W
Mycgr3G99185,YGL161C
Mycgr3G111234,YIR032C
Mycgr3G108169,YNL294C
Mycgr3G73061,YNL054W
Mycgr3G63742,YGR074W
Mycgr3G50731,YNL024C-A
Mycgr3G103356,YNL131W
Mycgr3G65481,YLR193C
Mycgr3G54793,YAL020C
Mycgr3G84104,YCR051W
Mycgr3G100770,YMR233W
Mycgr3G15552,YDL070W
Mycgr3G50110,YOR052C
Mycgr3G28514,YBR022W
Mycgr3G81468,YER146W
Mycgr3G103961,YGR167W
Mycgr3G92717,YPR098C
Mycgr3G66454,YGR263C
Mycgr3G100278,YGL035C
Mycgr3G51258,YDR086C
Mycgr3G107221,YHR198C
Mycgr3G109078,YKL038W
Mycgr3G94936,YCL012C
Mycgr3G49475,YLR074C
Mycgr3G65316,YGL047W
Mycgr3G100899,YDR468C
Mycgr3G49805,YJR074W
Mycgr3G91777,YER019C-A
Mycgr3G42719,YOL003C
Mycgr3G106251,YGR147C
Mycgr3G39901,YHR175W
Mycgr3G39804,YBR282W
Mycgr3G37176,YEL044W
Mycgr3G32785,YDL235C
Mycgr3G32659,YPR168W
Mycgr3G33213,YCL057C-A
Mycgr3G101774,YDL081C
Mycgr3G105887,YNL229C
Mycgr3G26233,YKL201C
Mycgr3G38901,YGR181W
Mycgr3G89342,YDR302W
Mycgr3G65942,YOR032C
Mycgr3G106565,YMR002W
Mycgr3G106061,YLR200W
Mycgr3G76944,YOR359W
Mycgr3G48604,YBR151W
Mycgr3G88390,YDL213C
Mycgr3G55886,YNL147W
Mycgr3G47571,YDR100W
Mycgr3G57911,YPR008W
Mycgr3G95409,YNL039W
Mycgr3G75892,YDR381W
Mycgr3G102272,YBR269C
Mycgr3G44455,YGL220W
Mycgr3G76449,YLR316C
Mycgr3G77247,YHR132W-A
Mycgr3G95977,YBR173C
Mycgr3G47989,YPL046C
Mycgr3G111313,YNL224C
Mycgr3G106995,YDR505C
Mycgr3G107883,YLR435W
Mycgr3G59818,YOR320C
Mycgr3G12793,YLL002W
Mycgr3G45243,YHR116W
Mycgr3G102918,YDL043C
Mycgr3G108290,YGL023C
Mycgr3G46255,Q0130
Mycgr3G90673,YBR231C
Mycgr3G102207,YDL020C
Mycgr3G103740,YJR034W
Mycgr3G62869,YAL009W
Mycgr3G80798,YJR085C
Mycgr3G31220,YHR090C
Mycgr3G65258,YER127W
Mycgr3G43283,YDL003W
Mycgr3G29515,YDL045W-A
Mycgr3G22011,YDL122W
Mycgr3G27443,YDR514C
Mycgr3G24762,YML095C
Mycgr3G87313,YPR143W
Mycgr3G98518,YJL140W
Mycgr3G106471,YHR063C
Mycgr3G25609,YOR037W
Mycgr3G31653,YDR379C-A
Mycgr3G67338,YOR043W
Mycgr3G72020,YGL256W
Mycgr3G46919,YDL117W
Mycgr3G42628,YNL155W
Mycgr3G59152,YGL198W
Mycgr3G17581,YJR141W
Mycgr3G105708,YDR525W-A
Mycgr3G105550,YER027C
Mycgr3G75652,YJL049W
Mycgr3G50313,YNL027W
Mycgr3G27778,YNL213C
Mycgr3G33375,YNR032C-A
Mycgr3G47581,YAL033W
Mycgr3G42726,YER074W-A
Mycgr3G29663,YOR194C
Mycgr3G49783,YFR027W
Mycgr3G99187,YDL183C
Mycgr3G108264,YKR063C
Mycgr3G17404,YOR143C
Mycgr3G26915,YDL076C
Mycgr3G93496,YLR137W
Mycgr3G106740,YLL021W
Mycgr3G19563,YLL018C-A
Mycgr3G51114,YER048W-A
Mycgr3G100988,YMR010W
Mycgr3G46610,YOR113W
Mycgr3G104452,YFL009W
Mycgr3G107643,YMR136W
Mycgr3G110705,YMR098C
Mycgr3G86144,YGR105W
Mycgr3G74038,YER029C
Mycgr3G45613,YER150W
Mycgr3G102744,YDR057W
Mycgr3G62470,YDR367W
Mycgr3G38362,YNL040W
Mycgr3G98339,YOL009C
Mycgr3G78728,YDR276C
Mycgr3G101300,YLR093C
Mycgr3G82615,YPL127C
Mycgr3G104068,YLR298C
Mycgr3G92404,YBR083W
Mycgr3G107722,YLR393W
Mycgr3G40793,YNR074C
Mycgr3G26456,YOR287C
Mycgr3G107003,YPR020W
Mycgr3G101867,YJL203W
Mycgr3G100473,YML034W
Mycgr3G73897,YOR260W
Mycgr3G68239,YDR213W
Mycgr3G83502,YDL098C
Mycgr3G81726,YNL070W
Mycgr3G106144,YMR123W
Mycgr3G29054,YDR171W
Mycgr3G105116,YER130C
Mycgr3G73620,YJL073W
Mycgr3G31400,YDL067C
Mycgr3G101410,YFL010C
Mycgr3G75087,YCL039W
Mycgr3G107828,YPR067W
Mycgr3G99562,YPL210C
Mycgr3G40709,YMR073C
Mycgr3G17456,YMR069W
Mycgr3G110826,YJR093C
Mycgr3G72251,YDL049C
Mycgr3G101794,YKL055C
Mycgr3G72541,YIL005W
Mycgr3G18839,YNL260C
Mycgr3G77886,YGR112W
Mycgr3G109542,YMR295C
Mycgr3G75239,YOL026C
Mycgr3G102725,YEL009C
Mycgr3G108499,YDR103W
Mycgr3G103568,YFL031W
Mycgr3G32106,YLR099W-A
Mycgr3G46105,YMR029C
Mycgr3G104074,YBL029C-A
Mycgr3G35147,YLR308W
Mycgr3G110255,YNL215W
Mycgr3G48216,YMR135C
Mycgr3G37332,YLL013C
Mycgr3G32848,YKR085C
Mycgr3G66222,YBR268W
Mycgr3G106635,YML027W
Mycgr3G105511,YPL041C
Mycgr3G77156,YLR228C
Mycgr3G57038,YHR078W
Mycgr3G65583,YNR023W
Mycgr3G91610,YIL098C
Mycgr3G87683,YDR482C
Mycgr3G25206,YDR034C
Mycgr3G65192,YCL031C
Mycgr3G106408,YFR003C
Mycgr3G77177,YPL178W
Mycgr3G31129,YKL032C
Mycgr3G99350,YHR138C
Mycgr3G103315,YFR001W
Mycgr3G68912,YFR043C
Mycgr3G64814,YPR063C
Mycgr3G82924,YDL085C-A
